offer_instance_id,interaction_id,account_id,offer_code,offer_type,presented_at_utc,eligibility_result,accepted,submitted_at_utc,amount,fee_rate,fee_amount,promo_apr,promo_months,firm_offer_valid_through,displayed_on_desktop_at_utc,available_at
OFR-CLI-PS-9002201,INT-9002201,ACC-90022,OFR-CLI-PS,CLI_PRESCREEN,2026-11-12T16:01:10Z,ELIGIBLE,true,2026-11-12T16:01:40Z,9000.00,,,,,2026-12-31,2026-11-12T16:01:10Z,2026-11-12T16:01:40Z
OFRI-0002168,INT-0045976,ACC-01011,OFR-BT-12-3,BT,2026-10-26T18:50:03Z,ELIGIBLE,true,2026-10-26T18:50:17Z,1200.00,3.00,36.00,0.00,12,,,2026-10-26T18:50:17Z
OFRI-0004934,INT-0233615,ACC-00161,OFR-BT-12-3,BT,2026-11-03T23:30:03Z,ELIGIBLE,true,2026-11-03T23:30:21Z,1200.00,3.00,36.00,0.00,12,,,2026-11-03T23:30:21Z
OFRI-0008626,INT-0497194,ACC-00467,OFR-BT-12-3,BT,2026-09-26T17:56:03Z,ELIGIBLE,true,2026-09-26T17:58:06Z,1200.00,3.00,36.00,0.00,12,,,2026-09-26T17:58:06Z
OFRI-0008779,INT-0512847,ACC-00817,OFR-BT-12-3,BT,2026-11-02T01:56:03Z,ELIGIBLE,true,2026-11-02T01:58:06Z,1200.00,3.00,36.00,0.00,12,,,2026-11-02T01:58:06Z
OFRI-0019588,INT-0137568,ACC-00123,OFR-BT-12-3,BT,2026-09-28T17:42:03Z,ELIGIBLE,true,2026-09-28T17:42:20Z,1200.00,3.00,36.00,0.00,12,,,2026-09-28T17:42:20Z
OFRI-0020765,INT-0452100,ACC-00723,OFR-BT-12-3,BT,2026-08-31T22:22:03Z,ELIGIBLE,true,2026-08-31T22:22:18Z,1200.00,3.00,36.00,0.00,12,,,2026-08-31T22:22:18Z
OFRI-0022335,INT-0641105,ACC-00117,OFR-BT-12-3,BT,2026-08-21T22:56:03Z,ELIGIBLE,true,2026-08-21T22:58:06Z,1200.00,3.00,36.00,0.00,12,,,2026-08-21T22:58:06Z
OFRI-0023699,INT-0353810,ACC-00973,OFR-BT-12-3,BT,2026-10-30T13:22:03Z,ELIGIBLE,true,2026-10-30T13:22:20Z,1200.00,3.00,36.00,0.00,12,,,2026-10-30T13:22:20Z
OFRI-0027336,INT-0905605,ACC-01023,OFR-BT-12-3,BT,2026-09-08T16:02:03Z,ELIGIBLE,true,2026-09-08T16:02:17Z,1200.00,3.00,36.00,0.00,12,,,2026-09-08T16:02:17Z
OFRI-0028406,INT-0409401,ACC-01061,OFR-BT-12-3,BT,2026-08-31T21:10:03Z,ELIGIBLE,true,2026-08-31T21:10:17Z,1200.00,3.00,36.00,0.00,12,,,2026-08-31T21:10:17Z
OFRI-0029681,INT-0887180,ACC-00573,OFR-BT-12-3,BT,2026-08-27T15:02:03Z,ELIGIBLE,true,2026-08-27T15:02:18Z,1200.00,3.00,36.00,0.00,12,,,2026-08-27T15:02:18Z
OFRI-0035190,INT-0304492,ACC-00323,OFR-BT-12-3,BT,2026-10-30T16:22:03Z,ELIGIBLE,true,2026-10-30T16:22:19Z,1200.00,3.00,36.00,0.00,12,,,2026-10-30T16:22:19Z
OFRI-0044519,INT-0215603,ACC-00161,OFR-BT-12-3,BT,2026-09-24T22:10:03Z,ELIGIBLE,true,2026-09-24T22:10:17Z,1200.00,3.00,36.00,0.00,12,,,2026-09-24T22:10:17Z
OFRI-0049229,INT-0943570,ACC-00517,OFR-BT-12-3,BT,2026-10-24T20:16:03Z,ELIGIBLE,true,2026-10-24T20:18:06Z,1200.00,3.00,36.00,0.00,12,,,2026-10-24T20:18:06Z
OFRI-0050765,INT-0459286,ACC-00917,OFR-BT-12-3,BT,2026-08-25T19:16:03Z,ELIGIBLE,true,2026-08-25T19:18:06Z,1200.00,3.00,36.00,0.00,12,,,2026-08-25T19:18:06Z
OFRI-0052934,INT-0093930,ACC-00167,OFR-BT-12-3,BT,2026-09-18T14:16:03Z,ELIGIBLE,true,2026-09-18T14:18:06Z,1200.00,3.00,36.00,0.00,12,,,2026-09-18T14:18:06Z
OFRI-0055367,INT-0479436,ACC-00417,OFR-BT-12-3,BT,2026-10-08T15:56:03Z,ELIGIBLE,true,2026-10-08T15:58:06Z,1200.00,3.00,36.00,0.00,12,,,2026-10-08T15:58:06Z
OFRI-0058953,INT-0241837,ACC-00523,OFR-BT-12-3,BT,2026-10-18T16:22:03Z,ELIGIBLE,true,2026-10-18T16:22:18Z,1200.00,3.00,36.00,0.00,12,,,2026-10-18T16:22:18Z
OFRI-0062370,INT-0735802,ACC-00817,OFR-BT-12-3,BT,2026-09-18T15:16:03Z,ELIGIBLE,true,2026-09-18T15:18:06Z,1200.00,3.00,36.00,0.00,12,,,2026-09-18T15:18:06Z
OFRI-0066353,INT-0110766,ACC-00967,OFR-BT-12-3,BT,2026-11-12T20:56:03Z,ELIGIBLE,true,2026-11-12T20:58:06Z,1200.00,3.00,36.00,0.00,12,,,2026-11-12T20:58:06Z
OFRI-0066613,INT-0338803,ACC-01123,OFR-BT-12-3,BT,2026-09-24T21:22:03Z,ELIGIBLE,true,2026-09-24T21:22:20Z,1200.00,3.00,36.00,0.00,12,,,2026-09-24T21:22:20Z
OFRI-0069191,INT-0318287,ACC-00867,OFR-BT-12-3,BT,2026-10-20T16:56:03Z,ELIGIBLE,true,2026-10-20T16:58:06Z,1200.00,3.00,36.00,0.00,12,,,2026-10-20T16:58:06Z
OFRI-0081809,INT-0506148,ACC-00467,OFR-BT-12-3,BT,2026-11-12T18:36:03Z,ELIGIBLE,true,2026-11-12T18:38:06Z,1200.00,3.00,36.00,0.00,12,,,2026-11-12T18:38:06Z
OFRI-0082492,INT-0713223,ACC-00611,OFR-BT-12-3,BT,2026-10-02T23:50:03Z,ELIGIBLE,true,2026-10-02T23:50:19Z,1200.00,3.00,36.00,0.00,12,,,2026-10-02T23:50:19Z
OFRI-0100002,INT-0788534,ACC-00511,OFR-BT-12-3,BT,2026-10-26T19:50:03Z,ELIGIBLE,true,2026-10-26T19:50:19Z,1200.00,3.00,36.00,0.00,12,,,2026-10-26T19:50:19Z
OFRI-0106259,INT-0532915,ACC-01067,OFR-BT-12-3,BT,2026-10-12T23:16:03Z,ELIGIBLE,true,2026-10-12T23:18:06Z,1200.00,3.00,36.00,0.00,12,,,2026-10-12T23:18:06Z
OFRI-0112518,INT-0476189,ACC-00517,OFR-BT-12-3,BT,2026-09-14T21:56:03Z,ELIGIBLE,true,2026-09-14T21:58:06Z,1200.00,3.00,36.00,0.00,12,,,2026-09-14T21:58:06Z
OFRI-0112896,INT-0929252,ACC-00573,OFR-BT-12-3,BT,2026-10-10T14:42:03Z,ELIGIBLE,true,2026-10-10T14:42:18Z,1200.00,3.00,36.00,0.00,12,,,2026-10-10T14:42:18Z
OFRI-0119382,INT-0224264,ACC-00111,OFR-BT-12-3,BT,2026-10-06T20:10:03Z,ELIGIBLE,true,2026-10-06T20:10:17Z,1200.00,3.00,36.00,0.00,12,,,2026-10-06T20:10:17Z
OFRI-0127666,INT-0389177,ACC-00523,OFR-BT-12-3,BT,2026-10-22T23:42:03Z,ELIGIBLE,true,2026-10-22T23:42:19Z,1200.00,3.00,36.00,0.00,12,,,2026-10-22T23:42:19Z
OFRI-0138921,INT-0291828,ACC-00373,OFR-BT-12-3,BT,2026-09-04T19:42:03Z,ELIGIBLE,true,2026-09-04T19:42:18Z,1200.00,3.00,36.00,0.00,12,,,2026-09-04T19:42:18Z
OFRI-0141225,INT-0296127,ACC-00667,OFR-BT-12-3,BT,2026-09-14T19:56:03Z,ELIGIBLE,true,2026-09-14T19:58:06Z,1200.00,3.00,36.00,0.00,12,,,2026-09-14T19:58:06Z
OFRI-0149265,INT-0013815,ACC-01061,OFR-BT-12-3,BT,2026-09-04T19:30:03Z,ELIGIBLE,true,2026-09-04T19:30:18Z,1200.00,3.00,36.00,0.00,12,,,2026-09-04T19:30:18Z
OFRI-0158621,INT-0770437,ACC-00973,OFR-BT-12-3,BT,2026-09-20T23:02:03Z,ELIGIBLE,true,2026-09-20T23:02:17Z,1200.00,3.00,36.00,0.00,12,,,2026-09-20T23:02:17Z
OFRI-0158774,INT-0773329,ACC-00223,OFR-BT-12-3,BT,2026-11-10T21:42:03Z,ELIGIBLE,true,2026-11-10T21:42:20Z,1200.00,3.00,36.00,0.00,12,,,2026-11-10T21:42:20Z
OFRI-0164024,INT-0652634,ACC-00173,OFR-BT-12-3,BT,2026-09-16T19:42:03Z,ELIGIBLE,true,2026-09-16T19:42:20Z,1200.00,3.00,36.00,0.00,12,,,2026-09-16T19:42:20Z
OFRI-0164672,INT-0431149,ACC-00911,OFR-BT-12-3,BT,2026-10-10T13:30:03Z,ELIGIBLE,true,2026-10-10T13:30:18Z,1200.00,3.00,36.00,0.00,12,,,2026-10-10T13:30:18Z
OFRI-0168553,INT-0674699,ACC-00973,OFR-BT-12-3,BT,2026-11-11T00:42:03Z,ELIGIBLE,true,2026-11-11T00:42:17Z,1200.00,3.00,36.00,0.00,12,,,2026-11-11T00:42:17Z
OFRI-0175109,INT-0697326,ACC-00011,OFR-BT-12-3,BT,2026-09-16T15:30:03Z,ELIGIBLE,true,2026-09-16T15:30:21Z,1200.00,3.00,36.00,0.00,12,,,2026-09-16T15:30:21Z
OFRI-0180520,INT-0727144,ACC-00661,OFR-BT-12-3,BT,2026-11-03T23:30:03Z,ELIGIBLE,true,2026-11-03T23:30:19Z,1200.00,3.00,36.00,0.00,12,,,2026-11-03T23:30:19Z
OFRI-0181405,INT-0624882,ACC-00223,OFR-BT-12-3,BT,2026-10-14T22:02:03Z,ELIGIBLE,true,2026-10-14T22:02:19Z,1200.00,3.00,36.00,0.00,12,,,2026-10-14T22:02:19Z
OFRI-0193818,INT-0229770,ACC-00067,OFR-BT-12-3,BT,2026-11-12T20:36:03Z,ELIGIBLE,true,2026-11-12T20:38:06Z,1200.00,3.00,36.00,0.00,12,,,2026-11-12T20:38:06Z
OFRI-0201302,INT-0048047,ACC-00323,OFR-BT-12-3,BT,2026-09-20T15:02:03Z,ELIGIBLE,true,2026-09-20T15:02:19Z,1200.00,3.00,36.00,0.00,12,,,2026-09-20T15:02:19Z
OFRI-0207000,INT-0616994,ACC-00023,OFR-BT-12-3,BT,2026-09-12T23:22:03Z,ELIGIBLE,true,2026-09-12T23:22:20Z,1200.00,3.00,36.00,0.00,12,,,2026-09-12T23:22:20Z
OFRI-0209197,INT-0026008,ACC-00367,OFR-BT-12-3,BT,2026-10-20T13:56:03Z,ELIGIBLE,true,2026-10-20T13:58:06Z,1200.00,3.00,36.00,0.00,12,,,2026-10-20T13:58:06Z
OFRI-0221441,INT-0771887,ACC-00373,OFR-BT-12-3,BT,2026-10-18T18:22:03Z,ELIGIBLE,true,2026-10-18T18:22:19Z,1200.00,3.00,36.00,0.00,12,,,2026-10-18T18:22:19Z
OFRI-0224709,INT-0100521,ACC-00161,OFR-BT-12-3,BT,2026-09-20T22:50:03Z,ELIGIBLE,true,2026-09-20T22:50:20Z,1200.00,3.00,36.00,0.00,12,,,2026-09-20T22:50:20Z
OFRI-0225397,INT-0153335,ACC-00423,OFR-BT-12-3,BT,2026-10-06T18:22:03Z,ELIGIBLE,true,2026-10-06T18:22:19Z,1200.00,3.00,36.00,0.00,12,,,2026-10-06T18:22:19Z
OFRI-0236014,INT-0436564,ACC-00667,OFR-BT-12-3,BT,2026-09-18T17:16:03Z,ELIGIBLE,true,2026-09-18T17:18:06Z,1200.00,3.00,36.00,0.00,12,,,2026-09-18T17:18:06Z
OFRI-0239237,INT-0872231,ACC-00211,OFR-BT-12-3,BT,2026-09-08T15:50:03Z,ELIGIBLE,true,2026-09-08T15:50:20Z,1200.00,3.00,36.00,0.00,12,,,2026-09-08T15:50:20Z
OFRI-0242550,INT-0541181,ACC-00561,OFR-BT-12-3,BT,2026-10-14T21:50:03Z,ELIGIBLE,true,2026-10-14T21:50:19Z,1200.00,3.00,36.00,0.00,12,,,2026-10-14T21:50:19Z
OFRI-0248155,INT-0642657,ACC-00667,OFR-BT-12-3,BT,2026-10-28T18:36:03Z,ELIGIBLE,true,2026-10-28T18:38:06Z,1200.00,3.00,36.00,0.00,12,,,2026-10-28T18:38:06Z
OFRI-0253114,INT-0159144,ACC-00673,OFR-BT-12-3,BT,2026-10-26T19:02:03Z,ELIGIBLE,true,2026-10-26T19:02:18Z,1200.00,3.00,36.00,0.00,12,,,2026-10-26T19:02:18Z
OFRI-0255887,INT-0672823,ACC-00267,OFR-BT-12-3,BT,2026-10-04T19:36:03Z,ELIGIBLE,true,2026-10-04T19:38:06Z,1200.00,3.00,36.00,0.00,12,,,2026-10-04T19:38:06Z
OFRI-0256543,INT-0580124,ACC-00073,OFR-BT-12-3,BT,2026-10-10T15:42:03Z,ELIGIBLE,true,2026-10-10T15:42:20Z,1200.00,3.00,36.00,0.00,12,,,2026-10-10T15:42:20Z
OFRI-0256882,INT-0831116,ACC-00311,OFR-BT-12-3,BT,2026-09-24T20:10:03Z,ELIGIBLE,true,2026-09-24T20:10:19Z,1200.00,3.00,36.00,0.00,12,,,2026-09-24T20:10:19Z
OFRI-0260388,INT-0754730,ACC-00561,OFR-BT-12-3,BT,2026-09-04T20:30:03Z,ELIGIBLE,true,2026-09-04T20:30:19Z,1200.00,3.00,36.00,0.00,12,,,2026-09-04T20:30:19Z
OFRI-0261211,INT-0367041,ACC-00811,OFR-BT-12-3,BT,2026-09-24T19:10:03Z,ELIGIBLE,true,2026-09-24T19:10:18Z,1200.00,3.00,36.00,0.00,12,,,2026-09-24T19:10:18Z
OFRI-0262167,INT-0151633,ACC-00567,OFR-BT-12-3,BT,2026-10-13T00:16:03Z,ELIGIBLE,true,2026-10-13T00:18:06Z,1200.00,3.00,36.00,0.00,12,,,2026-10-13T00:18:06Z
OFRI-0275873,INT-0910750,ACC-00817,OFR-BT-12-3,BT,2026-09-23T00:36:03Z,ELIGIBLE,true,2026-09-23T00:38:06Z,1200.00,3.00,36.00,0.00,12,,,2026-09-23T00:38:06Z
OFRI-0275936,INT-0469809,ACC-00873,OFR-BT-12-3,BT,2026-09-04T18:42:03Z,ELIGIBLE,true,2026-09-04T18:42:16Z,1200.00,3.00,36.00,0.00,12,,,2026-09-04T18:42:16Z
OFRI-0284513,INT-0803898,ACC-00761,OFR-BT-12-3,BT,2026-10-06T17:10:03Z,ELIGIBLE,true,2026-10-06T17:10:18Z,1200.00,3.00,36.00,0.00,12,,,2026-10-06T17:10:18Z
OFRI-0298439,INT-0250506,ACC-00011,OFR-BT-12-3,BT,2026-09-20T13:50:03Z,ELIGIBLE,true,2026-09-20T13:50:17Z,1200.00,3.00,36.00,0.00,12,,,2026-09-20T13:50:17Z
OFRI-0299918,INT-0354936,ACC-00511,OFR-BT-12-3,BT,2026-09-16T18:30:03Z,ELIGIBLE,true,2026-09-16T18:30:19Z,1200.00,3.00,36.00,0.00,12,,,2026-09-16T18:30:19Z
OFRI-0308087,INT-0540075,ACC-01067,OFR-BT-12-3,BT,2026-10-08T16:56:03Z,ELIGIBLE,true,2026-10-08T16:58:06Z,1200.00,3.00,36.00,0.00,12,,,2026-10-08T16:58:06Z
OFRI-0308706,INT-0522721,ACC-00273,OFR-BT-12-3,BT,2026-10-03T00:02:03Z,ELIGIBLE,true,2026-10-03T00:02:19Z,1200.00,3.00,36.00,0.00,12,,,2026-10-03T00:02:19Z
OFRI-0311442,INT-0438969,ACC-00517,OFR-BT-12-3,BT,2026-09-10T21:36:03Z,ELIGIBLE,true,2026-09-10T21:38:06Z,1200.00,3.00,36.00,0.00,12,,,2026-09-10T21:38:06Z
OFRI-0314301,INT-0562095,ACC-00173,OFR-BT-12-3,BT,2026-09-12T21:22:03Z,ELIGIBLE,true,2026-09-12T21:22:19Z,1200.00,3.00,36.00,0.00,12,,,2026-09-12T21:22:19Z
OFRI-0320381,INT-0066031,ACC-00023,OFR-BT-12-3,BT,2026-09-09T01:02:03Z,ELIGIBLE,true,2026-09-09T01:02:19Z,1200.00,3.00,36.00,0.00,12,,,2026-09-09T01:02:19Z
OFRI-0320562,INT-0032052,ACC-00461,OFR-BT-12-3,BT,2026-11-10T01:50:03Z,ELIGIBLE,true,2026-11-10T01:50:20Z,1200.00,3.00,36.00,0.00,12,,,2026-11-10T01:50:20Z
OFRI-0321616,INT-0208888,ACC-00423,OFR-BT-12-3,BT,2026-08-23T21:42:03Z,ELIGIBLE,true,2026-08-23T21:42:18Z,1200.00,3.00,36.00,0.00,12,,,2026-08-23T21:42:18Z
OFRI-0328724,INT-0226017,ACC-00511,OFR-BT-12-3,BT,2026-10-30T17:10:03Z,ELIGIBLE,true,2026-10-30T17:10:19Z,1200.00,3.00,36.00,0.00,12,,,2026-10-30T17:10:19Z
OFRI-0336436,INT-0269661,ACC-01017,OFR-BT-12-3,BT,2026-09-11T00:36:03Z,ELIGIBLE,true,2026-09-11T00:38:06Z,1200.00,3.00,36.00,0.00,12,,,2026-09-11T00:38:06Z
OFRI-0339121,INT-0475941,ACC-00911,OFR-BT-12-3,BT,2026-08-27T14:50:03Z,ELIGIBLE,true,2026-08-27T14:50:17Z,1200.00,3.00,36.00,0.00,12,,,2026-08-27T14:50:17Z
OFRI-0345899,INT-0632984,ACC-00273,OFR-BT-12-3,BT,2026-09-28T15:42:03Z,ELIGIBLE,true,2026-09-28T15:42:18Z,1200.00,3.00,36.00,0.00,12,,,2026-09-28T15:42:18Z
OFRI-0351099,INT-0473066,ACC-00573,OFR-BT-12-3,BT,2026-10-06T16:22:03Z,ELIGIBLE,true,2026-10-06T16:22:18Z,1200.00,3.00,36.00,0.00,12,,,2026-10-06T16:22:18Z
OFRI-0352524,INT-0631497,ACC-00073,OFR-BT-12-3,BT,2026-08-27T16:02:03Z,ELIGIBLE,true,2026-08-27T16:02:19Z,1200.00,3.00,36.00,0.00,12,,,2026-08-27T16:02:19Z
OFRI-0354020,INT-0017484,ACC-00811,OFR-BT-12-3,BT,2026-11-07T19:50:03Z,ELIGIBLE,true,2026-11-07T19:50:18Z,1200.00,3.00,36.00,0.00,12,,,2026-11-07T19:50:18Z
OFRI-0356524,INT-0152143,ACC-01061,OFR-BT-12-3,BT,2026-10-14T20:50:03Z,ELIGIBLE,true,2026-10-14T20:50:17Z,1200.00,3.00,36.00,0.00,12,,,2026-10-14T20:50:17Z
OFRI-0363977,INT-0426621,ACC-00917,OFR-BT-12-3,BT,2026-10-08T18:56:03Z,ELIGIBLE,true,2026-10-08T18:58:06Z,1200.00,3.00,36.00,0.00,12,,,2026-10-08T18:58:06Z
OFRI-0369078,INT-0368498,ACC-00767,OFR-BT-12-3,BT,2026-10-04T22:36:03Z,ELIGIBLE,true,2026-10-04T22:38:06Z,1200.00,3.00,36.00,0.00,12,,,2026-10-04T22:38:06Z
OFRI-0371689,INT-0763595,ACC-01073,OFR-BT-12-3,BT,2026-08-23T18:42:03Z,ELIGIBLE,true,2026-08-23T18:42:19Z,1200.00,3.00,36.00,0.00,12,,,2026-08-23T18:42:19Z
OFRI-0373544,INT-0095549,ACC-00211,OFR-BT-12-3,BT,2026-10-23T01:30:03Z,ELIGIBLE,true,2026-10-23T01:30:20Z,1200.00,3.00,36.00,0.00,12,,,2026-10-23T01:30:20Z
OFRI-0397997,INT-0371134,ACC-00711,OFR-BT-12-3,BT,2026-10-18T17:10:03Z,ELIGIBLE,true,2026-10-18T17:10:18Z,1200.00,3.00,36.00,0.00,12,,,2026-10-18T17:10:18Z
OFRI-0403183,INT-0163333,ACC-00411,OFR-BT-12-3,BT,2026-09-01T00:10:03Z,ELIGIBLE,true,2026-09-01T00:10:19Z,1200.00,3.00,36.00,0.00,12,,,2026-09-01T00:10:19Z
OFRI-0427743,INT-0722475,ACC-00473,OFR-BT-12-3,BT,2026-09-21T00:02:03Z,ELIGIBLE,true,2026-09-21T00:02:18Z,1200.00,3.00,36.00,0.00,12,,,2026-09-21T00:02:18Z
OFRI-0428603,INT-0492037,ACC-00217,OFR-BT-12-3,BT,2026-09-06T16:16:03Z,ELIGIBLE,true,2026-09-06T16:18:06Z,1200.00,3.00,36.00,0.00,12,,,2026-09-06T16:18:06Z
OFRI-0428705,INT-0068035,ACC-00811,OFR-BT-12-3,BT,2026-11-03T21:30:03Z,ELIGIBLE,true,2026-11-03T21:30:18Z,1200.00,3.00,36.00,0.00,12,,,2026-11-03T21:30:18Z
OFRI-0441461,INT-0962304,ACC-00311,OFR-BT-12-3,BT,2026-11-07T19:50:03Z,ELIGIBLE,true,2026-11-07T19:50:20Z,1200.00,3.00,36.00,0.00,12,,,2026-11-07T19:50:20Z
OFRI-0443531,INT-0244460,ACC-00323,OFR-BT-12-3,BT,2026-09-16T17:42:03Z,ELIGIBLE,true,2026-09-16T17:42:18Z,1200.00,3.00,36.00,0.00,12,,,2026-09-16T17:42:18Z
OFRI-0444950,INT-0518777,ACC-00861,OFR-BT-12-3,BT,2026-10-22T22:30:03Z,ELIGIBLE,true,2026-10-22T22:30:18Z,1200.00,3.00,36.00,0.00,12,,,2026-10-22T22:30:18Z
OFRI-0448241,INT-0514144,ACC-00623,OFR-BT-12-3,BT,2026-11-07T18:02:03Z,ELIGIBLE,true,2026-11-07T18:02:18Z,1200.00,3.00,36.00,0.00,12,,,2026-11-07T18:02:18Z
OFRI-0448692,INT-0744502,ACC-00717,OFR-BT-12-3,BT,2026-09-02T21:56:03Z,ELIGIBLE,true,2026-09-02T21:58:06Z,1200.00,3.00,36.00,0.00,12,,,2026-09-02T21:58:06Z
OFRI-0452576,INT-0410534,ACC-01117,OFR-BT-12-3,BT,2026-09-26T18:56:03Z,ELIGIBLE,true,2026-09-26T18:58:06Z,1200.00,3.00,36.00,0.00,12,,,2026-09-26T18:58:06Z
OFRI-0452749,INT-0545605,ACC-00773,OFR-BT-12-3,BT,2026-11-07T16:02:03Z,ELIGIBLE,true,2026-11-07T16:02:16Z,1200.00,3.00,36.00,0.00,12,,,2026-11-07T16:02:16Z
OFRI-0454526,INT-0672791,ACC-00073,OFR-BT-12-3,BT,2026-11-11T01:22:03Z,ELIGIBLE,true,2026-11-11T01:22:20Z,1200.00,3.00,36.00,0.00,12,,,2026-11-11T01:22:20Z
OFRI-0457057,INT-0761015,ACC-00317,OFR-BT-12-3,BT,2026-11-01T23:56:03Z,ELIGIBLE,true,2026-11-01T23:58:06Z,1200.00,3.00,36.00,0.00,12,,,2026-11-01T23:58:06Z
OFRI-0472986,INT-0028192,ACC-00673,OFR-BT-12-3,BT,2026-09-12T20:22:03Z,ELIGIBLE,true,2026-09-12T20:22:17Z,1200.00,3.00,36.00,0.00,12,,,2026-09-12T20:22:17Z
OFRI-0475719,INT-0481144,ACC-00823,OFR-BT-12-3,BT,2026-10-26T17:02:03Z,ELIGIBLE,true,2026-10-26T17:02:17Z,1200.00,3.00,36.00,0.00,12,,,2026-10-26T17:02:17Z
OFRI-0477104,INT-0046105,ACC-00723,OFR-BT-12-3,BT,2026-10-10T23:42:03Z,ELIGIBLE,true,2026-10-10T23:42:17Z,1200.00,3.00,36.00,0.00,12,,,2026-10-10T23:42:17Z
OFRI-0478128,INT-0816318,ACC-00173,OFR-BT-12-3,BT,2026-10-26T20:02:03Z,ELIGIBLE,true,2026-10-26T20:02:19Z,1200.00,3.00,36.00,0.00,12,,,2026-10-26T20:02:19Z
OFRI-0478405,INT-0337287,ACC-00411,OFR-BT-12-3,BT,2026-10-14T23:50:03Z,ELIGIBLE,true,2026-10-14T23:50:20Z,1200.00,3.00,36.00,0.00,12,,,2026-10-14T23:50:20Z
OFRI-0507710,INT-0024391,ACC-00011,OFR-BT-12-3,BT,2026-10-30T14:10:03Z,ELIGIBLE,true,2026-10-30T14:10:17Z,1200.00,3.00,36.00,0.00,12,,,2026-10-30T14:10:17Z
OFRI-0513606,INT-0084841,ACC-01011,OFR-BT-12-3,BT,2026-09-16T17:30:03Z,ELIGIBLE,true,2026-09-16T17:30:18Z,1200.00,3.00,36.00,0.00,12,,,2026-09-16T17:30:18Z
OFRI-0522681,INT-0338526,ACC-00367,OFR-BT-12-3,BT,2026-09-10T23:36:03Z,ELIGIBLE,true,2026-09-10T23:38:06Z,1200.00,3.00,36.00,0.00,12,,,2026-09-10T23:38:06Z
OFRI-0532755,INT-0846907,ACC-01023,OFR-BT-12-3,BT,2026-10-18T15:22:03Z,ELIGIBLE,true,2026-10-18T15:22:20Z,1200.00,3.00,36.00,0.00,12,,,2026-10-18T15:22:20Z
OFRI-0537563,INT-0168235,ACC-00623,OFR-BT-12-3,BT,2026-09-24T18:22:03Z,ELIGIBLE,true,2026-09-24T18:22:18Z,1200.00,3.00,36.00,0.00,12,,,2026-09-24T18:22:18Z
OFRI-0537803,INT-0173749,ACC-00717,OFR-BT-12-3,BT,2026-10-16T20:36:03Z,ELIGIBLE,true,2026-10-16T20:38:06Z,1200.00,3.00,36.00,0.00,12,,,2026-10-16T20:38:06Z
OFRI-0549085,INT-0140182,ACC-00911,OFR-BT-12-3,BT,2026-08-31T23:10:03Z,ELIGIBLE,true,2026-08-31T23:10:18Z,1200.00,3.00,36.00,0.00,12,,,2026-08-31T23:10:18Z
OFRI-0552873,INT-0100473,ACC-00611,OFR-BT-12-3,BT,2026-08-23T22:30:03Z,ELIGIBLE,true,2026-08-23T22:30:19Z,1200.00,3.00,36.00,0.00,12,,,2026-08-23T22:30:19Z
OFRI-0557564,INT-0943671,ACC-00317,OFR-BT-12-3,BT,2026-09-22T21:36:03Z,ELIGIBLE,true,2026-09-22T21:38:06Z,1200.00,3.00,36.00,0.00,12,,,2026-09-22T21:38:06Z
OFRI-0559959,INT-0587776,ACC-00067,OFR-BT-12-3,BT,2026-10-12T21:16:03Z,ELIGIBLE,true,2026-10-12T21:18:06Z,1200.00,3.00,36.00,0.00,12,,,2026-10-12T21:18:06Z
OFRI-0560059,INT-0854172,ACC-00567,OFR-BT-12-3,BT,2026-09-02T23:56:03Z,ELIGIBLE,true,2026-09-02T23:58:06Z,1200.00,3.00,36.00,0.00,12,,,2026-09-02T23:58:06Z
OFRI-0565585,INT-0706784,ACC-00417,OFR-BT-12-3,BT,2026-08-29T14:36:03Z,ELIGIBLE,true,2026-08-29T14:38:06Z,1200.00,3.00,36.00,0.00,12,,,2026-08-29T14:38:06Z
OFRI-0572763,INT-0169384,ACC-00167,OFR-BT-12-3,BT,2026-10-28T15:36:03Z,ELIGIBLE,true,2026-10-28T15:38:06Z,1200.00,3.00,36.00,0.00,12,,,2026-10-28T15:38:06Z
OFRI-0578181,INT-0409067,ACC-00123,OFR-BT-12-3,BT,2026-11-07T18:02:03Z,ELIGIBLE,true,2026-11-07T18:02:19Z,1200.00,3.00,36.00,0.00,12,,,2026-11-07T18:02:19Z
OFRI-0590195,INT-0634656,ACC-00067,OFR-BT-12-3,BT,2026-09-02T20:56:03Z,ELIGIBLE,true,2026-09-02T20:58:06Z,1200.00,3.00,36.00,0.00,12,,,2026-09-02T20:58:06Z
OFRI-0595976,INT-0766596,ACC-00167,OFR-BT-12-3,BT,2026-11-01T14:56:03Z,ELIGIBLE,true,2026-11-01T14:58:06Z,1200.00,3.00,36.00,0.00,12,,,2026-11-01T14:58:06Z
OFRI-0601304,INT-0983733,ACC-00923,OFR-BT-12-3,BT,2026-08-23T20:42:03Z,ELIGIBLE,true,2026-08-23T20:42:16Z,1200.00,3.00,36.00,0.00,12,,,2026-08-23T20:42:16Z
OFRI-0606325,INT-0318967,ACC-00473,OFR-BT-12-3,BT,2026-11-10T21:22:03Z,ELIGIBLE,true,2026-11-10T21:22:19Z,1200.00,3.00,36.00,0.00,12,,,2026-11-10T21:22:19Z
OFRI-0607158,INT-0633263,ACC-00223,OFR-BT-12-3,BT,2026-08-31T23:22:03Z,ELIGIBLE,true,2026-08-31T23:22:19Z,1200.00,3.00,36.00,0.00,12,,,2026-08-31T23:22:19Z
OFRI-0623513,INT-0158370,ACC-00423,OFR-BT-12-3,BT,2026-10-02T22:02:03Z,ELIGIBLE,true,2026-10-02T22:02:18Z,1200.00,3.00,36.00,0.00,12,,,2026-10-02T22:02:18Z
OFRI-0624948,INT-0636077,ACC-00017,OFR-BT-12-3,BT,2026-10-28T17:36:03Z,ELIGIBLE,true,2026-10-28T17:38:06Z,1200.00,3.00,36.00,0.00,12,,,2026-10-28T17:38:06Z
OFRI-0626420,INT-0536559,ACC-00017,OFR-BT-12-3,BT,2026-10-24T21:16:03Z,ELIGIBLE,true,2026-10-24T21:18:06Z,1200.00,3.00,36.00,0.00,12,,,2026-10-24T21:18:06Z
OFRI-0638732,INT-0653294,ACC-00561,OFR-BT-12-3,BT,2026-10-18T19:10:03Z,ELIGIBLE,true,2026-10-18T19:10:19Z,1200.00,3.00,36.00,0.00,12,,,2026-10-18T19:10:19Z
OFRI-0646436,INT-0681124,ACC-01111,OFR-BT-12-3,BT,2026-08-19T23:10:03Z,ELIGIBLE,true,2026-08-19T23:10:17Z,1200.00,3.00,36.00,0.00,12,,,2026-08-19T23:10:17Z
OFRI-0646495,INT-0952710,ACC-00311,OFR-BT-12-3,BT,2026-09-28T18:30:03Z,ELIGIBLE,true,2026-09-28T18:30:21Z,1200.00,3.00,36.00,0.00,12,,,2026-09-28T18:30:21Z
OFRI-0648633,INT-0459730,ACC-00673,OFR-BT-12-3,BT,2026-10-22T21:42:03Z,ELIGIBLE,true,2026-10-22T21:42:17Z,1200.00,3.00,36.00,0.00,12,,,2026-10-22T21:42:17Z
OFRI-0666581,INT-0733343,ACC-00961,OFR-BT-12-3,BT,2026-09-28T15:30:03Z,ELIGIBLE,true,2026-09-28T15:30:18Z,1200.00,3.00,36.00,0.00,12,,,2026-09-28T15:30:18Z
OFRI-0667842,INT-0837546,ACC-00617,OFR-BT-12-3,BT,2026-09-30T15:16:03Z,ELIGIBLE,true,2026-09-30T15:18:06Z,1200.00,3.00,36.00,0.00,12,,,2026-09-30T15:18:06Z
OFRI-0678352,INT-0906833,ACC-00661,OFR-BT-12-3,BT,2026-09-21T01:50:03Z,ELIGIBLE,true,2026-09-21T01:50:19Z,1200.00,3.00,36.00,0.00,12,,,2026-09-21T01:50:19Z
OFRI-0678556,INT-0742664,ACC-01067,OFR-BT-12-3,BT,2026-08-29T15:36:03Z,ELIGIBLE,true,2026-08-29T15:38:06Z,1200.00,3.00,36.00,0.00,12,,,2026-08-29T15:38:06Z
OFRI-0683158,INT-0331751,ACC-00723,OFR-BT-12-3,BT,2026-11-10T22:02:03Z,ELIGIBLE,true,2026-11-10T22:02:18Z,1200.00,3.00,36.00,0.00,12,,,2026-11-10T22:02:18Z
OFRI-0687796,INT-0419228,ACC-00767,OFR-BT-12-3,BT,2026-10-01T00:16:03Z,ELIGIBLE,true,2026-10-01T00:18:06Z,1200.00,3.00,36.00,0.00,12,,,2026-10-01T00:18:06Z
OFRI-0689944,INT-0477263,ACC-00867,OFR-BT-12-3,BT,2026-09-06T17:16:03Z,ELIGIBLE,true,2026-09-06T17:18:06Z,1200.00,3.00,36.00,0.00,12,,,2026-09-06T17:18:06Z
OFRI-0704100,INT-0723976,ACC-00061,OFR-BT-12-3,BT,2026-10-18T16:10:03Z,ELIGIBLE,true,2026-10-18T16:10:17Z,1200.00,3.00,36.00,0.00,12,,,2026-10-18T16:10:17Z
OFRI-0711990,INT-0052917,ACC-00661,OFR-BT-12-3,BT,2026-10-30T15:10:03Z,ELIGIBLE,true,2026-10-30T15:10:17Z,1200.00,3.00,36.00,0.00,12,,,2026-10-30T15:10:17Z
OFRI-0724168,INT-0373680,ACC-00023,OFR-BT-12-3,BT,2026-10-23T00:42:03Z,ELIGIBLE,true,2026-10-23T00:42:19Z,1200.00,3.00,36.00,0.00,12,,,2026-10-23T00:42:19Z
OFRI-0737021,INT-0809603,ACC-00417,OFR-BT-12-3,BT,2026-08-25T16:16:03Z,ELIGIBLE,true,2026-08-25T16:18:06Z,1200.00,3.00,36.00,0.00,12,,,2026-08-25T16:18:06Z
OFRI-0737200,INT-0907810,ACC-00273,OFR-BT-12-3,BT,2026-08-20T01:22:03Z,ELIGIBLE,true,2026-08-20T01:22:19Z,1200.00,3.00,36.00,0.00,12,,,2026-08-20T01:22:19Z
OFRI-0743171,INT-0393226,ACC-00361,OFR-BT-12-3,BT,2026-09-12T22:10:03Z,ELIGIBLE,true,2026-09-12T22:10:19Z,1200.00,3.00,36.00,0.00,12,,,2026-09-12T22:10:19Z
OFRI-0744301,INT-0551497,ACC-00061,OFR-BT-12-3,BT,2026-09-04T17:30:03Z,ELIGIBLE,true,2026-09-04T17:30:21Z,1200.00,3.00,36.00,0.00,12,,,2026-09-04T17:30:21Z
OFRI-0744772,INT-0574550,ACC-01073,OFR-BT-12-3,BT,2026-10-06T19:22:03Z,ELIGIBLE,true,2026-10-06T19:22:20Z,1200.00,3.00,36.00,0.00,12,,,2026-10-06T19:22:20Z
OFRI-0757322,INT-0018078,ACC-00767,OFR-BT-12-3,BT,2026-08-21T23:56:03Z,ELIGIBLE,true,2026-08-21T23:58:06Z,1200.00,3.00,36.00,0.00,12,,,2026-08-21T23:58:06Z
OFRI-0760418,INT-0848899,ACC-00717,OFR-BT-12-3,BT,2026-11-12T19:16:03Z,ELIGIBLE,true,2026-11-12T19:18:06Z,1200.00,3.00,36.00,0.00,12,,,2026-11-12T19:18:06Z
OFRI-0763662,INT-0618126,ACC-00117,OFR-BT-12-3,BT,2026-09-30T23:16:03Z,ELIGIBLE,true,2026-09-30T23:18:06Z,1200.00,3.00,36.00,0.00,12,,,2026-09-30T23:18:06Z
OFRI-0778067,INT-0954502,ACC-00711,OFR-BT-12-3,BT,2026-09-08T14:50:03Z,ELIGIBLE,true,2026-09-08T14:50:19Z,1200.00,3.00,36.00,0.00,12,,,2026-09-08T14:50:19Z
OFRI-0788212,INT-0590710,ACC-01117,OFR-BT-12-3,BT,2026-08-17T15:36:03Z,ELIGIBLE,true,2026-08-17T15:38:06Z,1200.00,3.00,36.00,0.00,12,,,2026-08-17T15:38:06Z
OFRI-0791303,INT-0554166,ACC-01123,OFR-BT-12-3,BT,2026-11-03T22:42:03Z,ELIGIBLE,true,2026-11-03T22:42:20Z,1200.00,3.00,36.00,0.00,12,,,2026-11-03T22:42:20Z
OFRI-0797579,INT-0176943,ACC-00923,OFR-BT-12-3,BT,2026-08-19T22:22:03Z,ELIGIBLE,true,2026-08-19T22:22:20Z,1200.00,3.00,36.00,0.00,12,,,2026-08-19T22:22:20Z
OFRI-0801889,INT-0408884,ACC-00523,OFR-BT-12-3,BT,2026-09-08T13:02:03Z,ELIGIBLE,true,2026-09-08T13:02:18Z,1200.00,3.00,36.00,0.00,12,,,2026-09-08T13:02:18Z
OFRI-0802043,INT-0443076,ACC-00111,OFR-BT-12-3,BT,2026-08-23T19:30:03Z,ELIGIBLE,true,2026-08-23T19:30:21Z,1200.00,3.00,36.00,0.00,12,,,2026-08-23T19:30:21Z
OFRI-0821322,INT-0543302,ACC-00961,OFR-BT-12-3,BT,2026-11-07T17:50:03Z,ELIGIBLE,true,2026-11-07T17:50:17Z,1200.00,3.00,36.00,0.00,12,,,2026-11-07T17:50:17Z
OFRI-0827879,INT-0649195,ACC-00773,OFR-BT-12-3,BT,2026-08-19T13:22:03Z,ELIGIBLE,true,2026-08-19T13:22:18Z,1200.00,3.00,36.00,0.00,12,,,2026-08-19T13:22:18Z
OFRI-0830962,INT-0821951,ACC-00267,OFR-BT-12-3,BT,2026-08-21T20:56:03Z,ELIGIBLE,true,2026-08-21T20:58:06Z,1200.00,3.00,36.00,0.00,12,,,2026-08-21T20:58:06Z
OFRI-0832297,INT-0768506,ACC-00261,OFR-BT-12-3,BT,2026-08-27T17:50:03Z,ELIGIBLE,true,2026-08-27T17:50:20Z,1200.00,3.00,36.00,0.00,12,,,2026-08-27T17:50:20Z
OFRI-0832340,INT-0299601,ACC-00267,OFR-BT-12-3,BT,2026-08-25T18:16:03Z,ELIGIBLE,true,2026-08-25T18:18:06Z,1200.00,3.00,36.00,0.00,12,,,2026-08-25T18:18:06Z
OFRI-0833464,INT-0526585,ACC-00061,OFR-BT-12-3,BT,2026-09-08T17:50:03Z,ELIGIBLE,true,2026-09-08T17:50:18Z,1200.00,3.00,36.00,0.00,12,,,2026-09-08T17:50:18Z
OFRI-0837445,INT-0739662,ACC-00773,OFR-BT-12-3,BT,2026-09-28T14:42:03Z,ELIGIBLE,true,2026-09-28T14:42:17Z,1200.00,3.00,36.00,0.00,12,,,2026-09-28T14:42:17Z
OFRI-0851421,INT-0527293,ACC-00467,OFR-BT-12-3,BT,2026-11-05T19:16:03Z,ELIGIBLE,true,2026-11-05T19:18:06Z,1200.00,3.00,36.00,0.00,12,,,2026-11-05T19:18:06Z
OFRI-0859094,INT-0356468,ACC-00217,OFR-BT-12-3,BT,2026-11-12T16:56:03Z,ELIGIBLE,true,2026-11-12T16:58:06Z,1200.00,3.00,36.00,0.00,12,,,2026-11-12T16:58:06Z
OFRI-0859223,INT-0005308,ACC-00473,OFR-BT-12-3,BT,2026-11-03T22:42:03Z,ELIGIBLE,true,2026-11-03T22:42:18Z,1200.00,3.00,36.00,0.00,12,,,2026-11-03T22:42:18Z
OFRI-0862420,INT-0816892,ACC-00261,OFR-BT-12-3,BT,2026-10-10T16:30:03Z,ELIGIBLE,true,2026-10-10T16:30:21Z,1200.00,3.00,36.00,0.00,12,,,2026-10-10T16:30:21Z
OFRI-0869630,INT-0586767,ACC-00211,OFR-BT-12-3,BT,2026-11-10T00:10:03Z,ELIGIBLE,true,2026-11-10T00:10:17Z,1200.00,3.00,36.00,0.00,12,,,2026-11-10T00:10:17Z
OFRI-0871091,INT-0202968,ACC-00461,OFR-BT-12-3,BT,2026-09-28T16:30:03Z,ELIGIBLE,true,2026-09-28T16:30:19Z,1200.00,3.00,36.00,0.00,12,,,2026-09-28T16:30:19Z
OFRI-0873958,INT-0104222,ACC-00317,OFR-BT-12-3,BT,2026-11-05T21:16:03Z,ELIGIBLE,true,2026-11-05T21:18:06Z,1200.00,3.00,36.00,0.00,12,,,2026-11-05T21:18:06Z
OFRI-0878147,INT-0422131,ACC-00861,OFR-BT-12-3,BT,2026-09-12T21:10:03Z,ELIGIBLE,true,2026-09-12T21:10:18Z,1200.00,3.00,36.00,0.00,12,,,2026-09-12T21:10:18Z
OFRI-0883854,INT-0905541,ACC-00961,OFR-BT-12-3,BT,2026-11-09T15:10:03Z,ELIGIBLE,true,2026-11-09T15:10:18Z,1200.00,3.00,36.00,0.00,12,,,2026-11-09T15:10:18Z
OFRI-0887405,INT-0405577,ACC-00361,OFR-BT-12-3,BT,2026-10-26T21:50:03Z,ELIGIBLE,true,2026-10-26T21:50:20Z,1200.00,3.00,36.00,0.00,12,,,2026-10-26T21:50:20Z
OFRI-0888571,INT-0633533,ACC-00917,OFR-BT-12-3,BT,2026-10-04T20:36:03Z,ELIGIBLE,true,2026-10-04T20:38:06Z,1200.00,3.00,36.00,0.00,12,,,2026-10-04T20:38:06Z
OFRI-0890125,INT-0847026,ACC-00967,OFR-BT-12-3,BT,2026-09-22T22:36:03Z,ELIGIBLE,true,2026-09-22T22:38:06Z,1200.00,3.00,36.00,0.00,12,,,2026-09-22T22:38:06Z
OFRI-0896195,INT-0915752,ACC-01111,OFR-BT-12-3,BT,2026-11-09T22:30:03Z,ELIGIBLE,true,2026-11-09T22:30:18Z,1200.00,3.00,36.00,0.00,12,,,2026-11-09T22:30:18Z
OFRI-0896221,INT-0110653,ACC-00411,OFR-BT-12-3,BT,2026-10-11T01:30:03Z,ELIGIBLE,true,2026-10-11T01:30:19Z,1200.00,3.00,36.00,0.00,12,,,2026-10-11T01:30:19Z
OFRI-0896257,INT-0115479,ACC-00711,OFR-BT-12-3,BT,2026-11-09T14:30:03Z,ELIGIBLE,true,2026-11-09T14:30:19Z,1200.00,3.00,36.00,0.00,12,,,2026-11-09T14:30:19Z
OFRI-0907832,INT-0743522,ACC-00617,OFR-BT-12-3,BT,2026-08-17T16:36:03Z,ELIGIBLE,true,2026-08-17T16:38:06Z,1200.00,3.00,36.00,0.00,12,,,2026-08-17T16:38:06Z
OFRI-0912882,INT-0739167,ACC-00761,OFR-BT-12-3,BT,2026-08-27T16:50:03Z,ELIGIBLE,true,2026-08-27T16:50:18Z,1200.00,3.00,36.00,0.00,12,,,2026-08-27T16:50:18Z
OFRI-0915846,INT-0356332,ACC-00261,OFR-BT-12-3,BT,2026-10-06T18:10:03Z,ELIGIBLE,true,2026-10-06T18:10:19Z,1200.00,3.00,36.00,0.00,12,,,2026-10-06T18:10:19Z
OFRI-0926379,INT-0958673,ACC-01073,OFR-BT-12-3,BT,2026-08-27T18:02:03Z,ELIGIBLE,true,2026-08-27T18:02:17Z,1200.00,3.00,36.00,0.00,12,,,2026-08-27T18:02:17Z
OFRI-0926473,INT-0355163,ACC-00567,OFR-BT-12-3,BT,2026-08-29T23:36:03Z,ELIGIBLE,true,2026-08-29T23:38:06Z,1200.00,3.00,36.00,0.00,12,,,2026-08-29T23:38:06Z
OFRI-0934055,INT-0204709,ACC-00017,OFR-BT-12-3,BT,2026-09-14T18:56:03Z,ELIGIBLE,true,2026-09-14T18:58:06Z,1200.00,3.00,36.00,0.00,12,,,2026-09-14T18:58:06Z
OFRI-0939728,INT-0792490,ACC-00823,OFR-BT-12-3,BT,2026-09-16T16:42:03Z,ELIGIBLE,true,2026-09-16T16:42:17Z,1200.00,3.00,36.00,0.00,12,,,2026-09-16T16:42:17Z
OFRI-0944901,INT-0877506,ACC-00923,OFR-BT-12-3,BT,2026-10-02T21:02:03Z,ELIGIBLE,true,2026-10-02T21:02:17Z,1200.00,3.00,36.00,0.00,12,,,2026-10-02T21:02:17Z
OFRI-0948153,INT-0660784,ACC-00461,OFR-BT-12-3,BT,2026-08-19T15:10:03Z,ELIGIBLE,true,2026-08-19T15:10:19Z,1200.00,3.00,36.00,0.00,12,,,2026-08-19T15:10:19Z
OFRI-0949928,INT-0553904,ACC-00823,OFR-BT-12-3,BT,2026-10-30T15:22:03Z,ELIGIBLE,true,2026-10-30T15:22:18Z,1200.00,3.00,36.00,0.00,12,,,2026-10-30T15:22:18Z
OFRI-0953094,INT-0759837,ACC-00873,OFR-BT-12-3,BT,2026-10-14T19:02:03Z,ELIGIBLE,true,2026-10-14T19:02:17Z,1200.00,3.00,36.00,0.00,12,,,2026-10-14T19:02:17Z
OFRI-0953322,INT-0241772,ACC-00967,OFR-BT-12-3,BT,2026-11-05T21:16:03Z,ELIGIBLE,true,2026-11-05T21:18:06Z,1200.00,3.00,36.00,0.00,12,,,2026-11-05T21:18:06Z
OFRI-0954162,INT-0099410,ACC-00217,OFR-BT-12-3,BT,2026-10-16T17:36:03Z,ELIGIBLE,true,2026-10-16T17:38:06Z,1200.00,3.00,36.00,0.00,12,,,2026-10-16T17:38:06Z
OFRI-0963061,INT-0283771,ACC-01111,OFR-BT-12-3,BT,2026-10-02T22:50:03Z,ELIGIBLE,true,2026-10-02T22:50:17Z,1200.00,3.00,36.00,0.00,12,,,2026-10-02T22:50:17Z
OFRI-0968999,INT-0441365,ACC-01017,OFR-BT-12-3,BT,2026-10-24T23:16:03Z,ELIGIBLE,true,2026-10-24T23:18:06Z,1200.00,3.00,36.00,0.00,12,,,2026-10-24T23:18:06Z
OFRI-9000201,INT-9000202,ACC-90002,OFR-BT-12-3,BT,2026-11-06T23:22:10Z,ELIGIBLE,true,2026-11-06T23:22:55Z,4000.00,3.00,120.00,0.00,12,,,2026-11-06T23:22:55Z
OFRI-9000601,INT-9000601,ACC-90006,OFR-BT-15-5,BT,2026-10-20T15:30:15Z,ELIGIBLE,true,2026-10-20T15:30:55Z,6200.00,5.00,310.00,0.00,15,,,2026-10-20T15:30:55Z
OFRI-9001801,INT-9001802,ACC-90018,OFR-BT-12-3,BT,2026-10-19T19:00:30Z,ELIGIBLE,true,2026-10-19T19:01:00Z,2500.00,3.00,75.00,0.00,12,,,2026-10-19T19:01:00Z
