flag_id,interaction_id,rule_id,flagged_at,matched_text,matched_turn_id,available_at
SFL-0000095-01,INT-0000095,SCN-HARDSHIP-SALE,2026-10-01T21:47:06Z,rules-engine match,,2026-10-01T21:47:06Z
SFL-0000316-01,INT-0000316,SCN-POSTCALL-ENROLL,2026-10-17T23:04:23Z,rules-engine match,,2026-10-17T23:04:23Z
SFL-0000332-01,INT-0000332,SCN-FAST-DISCLOSURE,2026-10-30T23:42:06Z,rules-engine match,,2026-10-30T23:42:06Z
SFL-0000412-01,INT-0000412,SCN-TOPDECILE-ADDON-TEAMFLAG,2026-09-10T15:56:06Z,rules-engine match,,2026-09-10T15:56:06Z
SFL-0000672-01,INT-0000672,SCN-RECORDING-GAP-SALE,2026-08-17T22:17:23Z,rules-engine match,,2026-08-17T22:17:23Z
SFL-0000835-01,INT-0000835,SCN-CONSENT-NEG-ENROLL,2026-09-26T19:13:24Z,rules-engine match,,2026-09-26T19:13:24Z
SFL-0001061-01,INT-0001061,SCN-OUTBOUND-SALE,2026-10-26T21:07:22Z,rules-engine match,,2026-10-26T21:07:22Z
SFL-0001185-01,INT-0001185,SCN-CREDIT-ASSURANCE,2026-10-18T01:31:06Z,rules-engine match,,2026-10-18T01:31:06Z
SFL-0001340-01,INT-0001340,SCN-WAIVER-ENROLL-60S,2026-09-09T19:06:23Z,rules-engine match,,2026-09-09T19:06:23Z
SFL-0001395-01,INT-0001395,SCN-NO-FEE-DISCLOSED,2026-09-08T15:43:24Z,rules-engine match,,2026-09-08T15:43:24Z
SFL-0001479-01,INT-0001479,SCN-NO-INTEREST-FRAMING,2026-09-13T01:39:18Z,rules-engine match,,2026-09-13T01:39:18Z
SFL-0001557-01,INT-0001557,SCN-PREAPPROVED,2026-09-20T22:55:22Z,rules-engine match,,2026-09-20T22:55:22Z
SFL-0001721-01,INT-0001721,SCN-CLOSE-OBSTRUCTION,2026-11-09T20:55:25Z,rules-engine match,,2026-11-09T20:55:25Z
SFL-0002005-01,INT-0002005,SCN-COMPLAINT-NO-DISPOSITION,2026-09-12T14:51:23Z,rules-engine match,,2026-09-12T14:51:23Z
SFL-0002280-01,INT-0002280,SCN-HARDSHIP-SALE,2026-10-06T14:15:21Z,rules-engine match,,2026-10-06T14:15:21Z
SFL-0002366-01,INT-0002366,SCN-POSTCALL-ENROLL,2026-11-10T14:20:06Z,rules-engine match,,2026-11-10T14:20:06Z
SFL-0002424-01,INT-0002424,SCN-FAST-DISCLOSURE,2026-09-05T23:46:23Z,rules-engine match,,2026-09-05T23:46:23Z
SFL-0002510-01,INT-0002510,SCN-TOPDECILE-ADDON-TEAMFLAG,2026-09-19T17:08:23Z,rules-engine match,,2026-09-19T17:08:23Z
SFL-0002523-01,INT-0002523,SCN-RECORDING-GAP-SALE,2026-11-07T20:55:25Z,rules-engine match,,2026-11-07T20:55:25Z
SFL-0002798-01,INT-0002798,SCN-CONSENT-NEG-ENROLL,2026-10-03T18:06:20Z,rules-engine match,,2026-10-03T18:06:20Z
SFL-0003070-01,INT-0003070,SCN-OUTBOUND-SALE,2026-10-31T16:38:23Z,rules-engine match,,2026-10-31T16:38:23Z
SFL-0003212-01,INT-0003212,SCN-CREDIT-ASSURANCE,2026-09-21T21:06:24Z,rules-engine match,,2026-09-21T21:06:24Z
SFL-0003261-01,INT-0003261,SCN-WAIVER-ENROLL-60S,2026-11-12T17:46:22Z,rules-engine match,,2026-11-12T17:46:22Z
SFL-0003660-01,INT-0003660,SCN-NO-FEE-DISCLOSED,2026-09-25T16:50:24Z,rules-engine match,,2026-09-25T16:50:24Z
SFL-0003913-01,INT-0003913,SCN-NO-INTEREST-FRAMING,2026-11-10T22:52:21Z,rules-engine match,,2026-11-10T22:52:21Z
SFL-0004464-01,INT-0004464,SCN-PREAPPROVED,2026-09-23T18:52:22Z,rules-engine match,,2026-09-23T18:52:22Z
SFL-0004605-01,INT-0004605,SCN-CLOSE-OBSTRUCTION,2026-08-30T19:19:06Z,rules-engine match,,2026-08-30T19:19:06Z
SFL-0004605-02,INT-0004605,SCN-TOPDECILE-ADDON-TEAMFLAG,2026-08-30T19:20:06Z,second independent rule match,,2026-08-30T19:20:06Z
SFL-0004836-01,INT-0004836,SCN-CLOSE-OBSTRUCTION,2026-09-11T19:04:23Z,rules-engine match,,2026-09-11T19:04:23Z
SFL-0004914-01,INT-0004914,SCN-COMPLAINT-NO-DISPOSITION,2026-11-10T15:12:23Z,rules-engine match,,2026-11-10T15:12:23Z
SFL-0005103-01,INT-0005103,SCN-HARDSHIP-SALE,2026-10-23T19:01:06Z,rules-engine match,,2026-10-23T19:01:06Z
SFL-0005289-01,INT-0005289,SCN-POSTCALL-ENROLL,2026-10-01T22:23:06Z,rules-engine match,,2026-10-01T22:23:06Z
SFL-0005308-01,INT-0005308,SCN-FAST-DISCLOSURE,2026-11-03T22:47:23Z,rules-engine match,,2026-11-03T22:47:23Z
SFL-0005388-01,INT-0005388,SCN-TOPDECILE-ADDON-TEAMFLAG,2026-10-31T01:51:23Z,rules-engine match,,2026-10-31T01:51:23Z
SFL-0005421-01,INT-0005421,SCN-RECORDING-GAP-SALE,2026-09-09T18:18:23Z,rules-engine match,,2026-09-09T18:18:23Z
SFL-0006003-01,INT-0006003,SCN-CONSENT-NEG-ENROLL,2026-11-11T22:19:23Z,rules-engine match,,2026-11-11T22:19:23Z
SFL-0006295-01,INT-0006295,SCN-OUTBOUND-SALE,2026-10-23T00:02:06Z,rules-engine match,,2026-10-23T00:02:06Z
SFL-0006329-01,INT-0006329,SCN-CREDIT-ASSURANCE,2026-09-11T13:40:23Z,rules-engine match,,2026-09-11T13:40:23Z
SFL-0006353-01,INT-0006353,SCN-WAIVER-ENROLL-60S,2026-08-18T16:16:22Z,rules-engine match,,2026-08-18T16:16:22Z
SFL-0006586-01,INT-0006586,SCN-NO-FEE-DISCLOSED,2026-09-30T17:36:06Z,rules-engine match,,2026-09-30T17:36:06Z
SFL-0006626-01,INT-0006626,SCN-NO-INTEREST-FRAMING,2026-09-27T01:01:21Z,rules-engine match,,2026-09-27T01:01:21Z
SFL-0006653-01,INT-0006653,SCN-PREAPPROVED,2026-09-17T22:58:25Z,rules-engine match,,2026-09-17T22:58:25Z
SFL-0006718-01,INT-0006718,SCN-CLOSE-OBSTRUCTION,2026-09-27T20:15:06Z,rules-engine match,,2026-09-27T20:15:06Z
SFL-0006867-01,INT-0006867,SCN-COMPLAINT-NO-DISPOSITION,2026-10-09T13:51:06Z,rules-engine match,,2026-10-09T13:51:06Z
SFL-0007010-01,INT-0007010,SCN-HARDSHIP-SALE,2026-10-14T19:43:21Z,rules-engine match,,2026-10-14T19:43:21Z
SFL-0007164-01,INT-0007164,SCN-POSTCALL-ENROLL,2026-08-18T19:07:06Z,rules-engine match,,2026-08-18T19:07:06Z
SFL-0007510-01,INT-0007510,SCN-FAST-DISCLOSURE,2026-08-27T21:19:23Z,rules-engine match,,2026-08-27T21:19:23Z
SFL-0007707-01,INT-0007707,SCN-TOPDECILE-ADDON-TEAMFLAG,2026-09-18T19:48:06Z,rules-engine match,,2026-09-18T19:48:06Z
SFL-0007893-01,INT-0007893,SCN-RECORDING-GAP-SALE,2026-09-15T19:15:06Z,rules-engine match,,2026-09-15T19:15:06Z
SFL-0008166-01,INT-0008166,SCN-CONSENT-NEG-ENROLL,2026-11-13T18:01:06Z,rules-engine match,,2026-11-13T18:01:06Z
SFL-0008198-01,INT-0008198,SCN-OUTBOUND-SALE,2026-09-28T18:47:24Z,rules-engine match,,2026-09-28T18:47:24Z
SFL-0008532-01,INT-0008532,SCN-CREDIT-ASSURANCE,2026-09-30T15:57:25Z,rules-engine match,,2026-09-30T15:57:25Z
SFL-0008583-01,INT-0008583,SCN-WAIVER-ENROLL-60S,2026-08-18T20:31:06Z,rules-engine match,,2026-08-18T20:31:06Z
SFL-0008774-01,INT-0008774,SCN-NO-FEE-DISCLOSED,2026-11-02T15:36:23Z,rules-engine match,,2026-11-02T15:36:23Z
SFL-0008871-01,INT-0008871,SCN-NO-INTEREST-FRAMING,2026-11-09T19:38:06Z,rules-engine match,,2026-11-09T19:38:06Z
SFL-0008941-01,INT-0008941,SCN-PREAPPROVED,2026-10-23T15:46:23Z,rules-engine match,,2026-10-23T15:46:23Z
SFL-0009224-01,INT-0009224,SCN-CLOSE-OBSTRUCTION,2026-11-10T00:20:26Z,rules-engine match,,2026-11-10T00:20:26Z
SFL-0009361-01,INT-0009361,SCN-COMPLAINT-NO-DISPOSITION,2026-09-16T23:23:25Z,rules-engine match,,2026-09-16T23:23:25Z
SFL-0009653-01,INT-0009653,SCN-HARDSHIP-SALE,2026-09-01T20:26:19Z,rules-engine match,,2026-09-01T20:26:19Z
SFL-0009730-01,INT-0009730,SCN-POSTCALL-ENROLL,2026-10-05T00:05:26Z,rules-engine match,,2026-10-05T00:05:26Z
SFL-0009916-01,INT-0009916,SCN-FAST-DISCLOSURE,2026-09-20T20:10:06Z,rules-engine match,,2026-09-20T20:10:06Z
SFL-0009926-01,INT-0009926,SCN-TOPDECILE-ADDON-TEAMFLAG,2026-09-20T16:46:06Z,rules-engine match,,2026-09-20T16:46:06Z
SFL-0010333-01,INT-0010333,SCN-OUTBOUND-SALE,2026-09-10T14:29:22Z,rules-engine match,,2026-09-10T14:29:22Z
SFL-0010333-02,INT-0010333,SCN-PREAPPROVED,2026-09-10T14:30:22Z,second independent rule match,,2026-09-10T14:30:22Z
SFL-0010502-01,INT-0010502,SCN-RECORDING-GAP-SALE,2026-11-07T17:10:06Z,rules-engine match,,2026-11-07T17:10:06Z
SFL-0010591-01,INT-0010591,SCN-CONSENT-NEG-ENROLL,2026-08-23T16:35:24Z,rules-engine match,,2026-08-23T16:35:24Z
SFL-0010920-01,INT-0010920,SCN-OUTBOUND-SALE,2026-10-05T20:52:22Z,rules-engine match,,2026-10-05T20:52:22Z
SFL-0010982-01,INT-0010982,SCN-CREDIT-ASSURANCE,2026-09-05T16:34:26Z,rules-engine match,,2026-09-05T16:34:26Z
SFL-0011198-01,INT-0011198,SCN-WAIVER-ENROLL-60S,2026-10-20T23:40:06Z,rules-engine match,,2026-10-20T23:40:06Z
SFL-0011266-01,INT-0011266,SCN-NO-FEE-DISCLOSED,2026-09-03T15:27:06Z,rules-engine match,,2026-09-03T15:27:06Z
SFL-0011511-01,INT-0011511,SCN-NO-INTEREST-FRAMING,2026-10-02T15:55:25Z,rules-engine match,,2026-10-02T15:55:25Z
SFL-0011678-01,INT-0011678,SCN-PREAPPROVED,2026-08-29T20:05:20Z,rules-engine match,,2026-08-29T20:05:20Z
SFL-0011716-01,INT-0011716,SCN-CLOSE-OBSTRUCTION,2026-08-30T21:04:23Z,rules-engine match,,2026-08-30T21:04:23Z
SFL-0011828-01,INT-0011828,SCN-COMPLAINT-NO-DISPOSITION,2026-08-26T22:20:22Z,rules-engine match,,2026-08-26T22:20:22Z
SFL-0011916-01,INT-0011916,SCN-HARDSHIP-SALE,2026-09-14T17:52:06Z,rules-engine match,,2026-09-14T17:52:06Z
SFL-0012182-01,INT-0012182,SCN-POSTCALL-ENROLL,2026-10-16T15:29:23Z,rules-engine match,,2026-10-16T15:29:23Z
SFL-0012205-01,INT-0012205,SCN-FAST-DISCLOSURE,2026-09-08T19:58:06Z,rules-engine match,,2026-09-08T19:58:06Z
SFL-0012226-01,INT-0012226,SCN-TOPDECILE-ADDON-TEAMFLAG,2026-08-29T14:53:22Z,rules-engine match,,2026-08-29T14:53:22Z
SFL-0012333-01,INT-0012333,SCN-RECORDING-GAP-SALE,2026-09-14T18:25:20Z,rules-engine match,,2026-09-14T18:25:20Z
SFL-0012539-01,INT-0012539,SCN-CONSENT-NEG-ENROLL,2026-09-28T17:59:23Z,rules-engine match,,2026-09-28T17:59:23Z
SFL-0012588-01,INT-0012588,SCN-FAST-DISCLOSURE,2026-09-15T17:24:22Z,rules-engine match,,2026-09-15T17:24:22Z
SFL-0012588-02,INT-0012588,SCN-CREDIT-ASSURANCE,2026-09-15T17:25:22Z,second independent rule match,,2026-09-15T17:25:22Z
SFL-0012603-01,INT-0012603,SCN-OUTBOUND-SALE,2026-08-17T18:17:22Z,rules-engine match,,2026-08-17T18:17:22Z
SFL-0013170-01,INT-0013170,SCN-CREDIT-ASSURANCE,2026-08-26T22:08:23Z,rules-engine match,,2026-08-26T22:08:23Z
SFL-0013436-01,INT-0013436,SCN-WAIVER-ENROLL-60S,2026-09-29T18:58:21Z,rules-engine match,,2026-09-29T18:58:21Z
SFL-0013451-01,INT-0013451,SCN-NO-FEE-DISCLOSED,2026-11-12T19:56:22Z,rules-engine match,,2026-11-12T19:56:22Z
SFL-0013529-01,INT-0013529,SCN-NO-INTEREST-FRAMING,2026-08-21T19:40:06Z,rules-engine match,,2026-08-21T19:40:06Z
SFL-0013704-01,INT-0013704,SCN-PREAPPROVED,2026-10-11T22:13:06Z,rules-engine match,,2026-10-11T22:13:06Z
SFL-0013815-01,INT-0013815,SCN-CLOSE-OBSTRUCTION,2026-09-04T19:35:23Z,rules-engine match,,2026-09-04T19:35:23Z
SFL-0013871-01,INT-0013871,SCN-COMPLAINT-NO-DISPOSITION,2026-08-24T18:46:18Z,rules-engine match,,2026-08-24T18:46:18Z
SFL-0014195-01,INT-0014195,SCN-HARDSHIP-SALE,2026-10-28T15:05:23Z,rules-engine match,,2026-10-28T15:05:23Z
SFL-0014280-01,INT-0014280,SCN-POSTCALL-ENROLL,2026-11-01T01:14:23Z,rules-engine match,,2026-11-01T01:14:23Z
SFL-0014348-01,INT-0014348,SCN-FAST-DISCLOSURE,2026-10-21T20:00:22Z,rules-engine match,,2026-10-21T20:00:22Z
SFL-0014391-01,INT-0014391,SCN-TOPDECILE-ADDON-TEAMFLAG,2026-10-21T23:00:22Z,rules-engine match,,2026-10-21T23:00:22Z
SFL-0014975-01,INT-0014975,SCN-RECORDING-GAP-SALE,2026-08-20T19:02:23Z,rules-engine match,,2026-08-20T19:02:23Z
SFL-0015233-01,INT-0015233,SCN-CONSENT-NEG-ENROLL,2026-10-19T18:38:23Z,rules-engine match,,2026-10-19T18:38:23Z
SFL-0015486-01,INT-0015486,SCN-OUTBOUND-SALE,2026-10-01T17:20:25Z,rules-engine match,,2026-10-01T17:20:25Z
SFL-0015626-01,INT-0015626,SCN-CREDIT-ASSURANCE,2026-10-07T15:14:22Z,rules-engine match,,2026-10-07T15:14:22Z
SFL-0015813-01,INT-0015813,SCN-WAIVER-ENROLL-60S,2026-09-25T21:38:21Z,rules-engine match,,2026-09-25T21:38:21Z
SFL-0015996-01,INT-0015996,SCN-NO-FEE-DISCLOSED,2026-09-10T01:21:06Z,rules-engine match,,2026-09-10T01:21:06Z
SFL-0016165-01,INT-0016165,SCN-NO-INTEREST-FRAMING,2026-10-09T16:51:06Z,rules-engine match,,2026-10-09T16:51:06Z
SFL-0016259-01,INT-0016259,SCN-PREAPPROVED,2026-10-03T22:33:06Z,rules-engine match,,2026-10-03T22:33:06Z
SFL-0016386-01,INT-0016386,SCN-CLOSE-OBSTRUCTION,2026-09-01T22:26:25Z,rules-engine match,,2026-09-01T22:26:25Z
SFL-0016736-01,INT-0016736,SCN-COMPLAINT-NO-DISPOSITION,2026-10-01T18:20:23Z,rules-engine match,,2026-10-01T18:20:23Z
SFL-0016779-01,INT-0016779,SCN-HARDSHIP-SALE,2026-08-24T23:25:06Z,rules-engine match,,2026-08-24T23:25:06Z
SFL-0016815-01,INT-0016815,SCN-POSTCALL-ENROLL,2026-09-02T20:25:23Z,rules-engine match,,2026-09-02T20:25:23Z
SFL-0017008-01,INT-0017008,SCN-FAST-DISCLOSURE,2026-11-12T14:56:21Z,rules-engine match,,2026-11-12T14:56:21Z
SFL-0017065-01,INT-0017065,SCN-TOPDECILE-ADDON-TEAMFLAG,2026-09-15T21:03:06Z,rules-engine match,,2026-09-15T21:03:06Z
SFL-0017187-01,INT-0017187,SCN-RECORDING-GAP-SALE,2026-10-03T22:54:23Z,rules-engine match,,2026-10-03T22:54:23Z
SFL-0017211-01,INT-0017211,SCN-CLOSE-OBSTRUCTION,2026-09-12T18:39:20Z,rules-engine match,,2026-09-12T18:39:20Z
SFL-0017211-02,INT-0017211,SCN-TOPDECILE-ADDON-TEAMFLAG,2026-09-12T18:40:20Z,second independent rule match,,2026-09-12T18:40:20Z
SFL-0017391-01,INT-0017391,SCN-CONSENT-NEG-ENROLL,2026-08-24T21:25:06Z,rules-engine match,,2026-08-24T21:25:06Z
SFL-0017398-01,INT-0017398,SCN-OUTBOUND-SALE,2026-10-12T16:33:20Z,rules-engine match,,2026-10-12T16:33:20Z
SFL-0017484-01,INT-0017484,SCN-CREDIT-ASSURANCE,2026-11-07T19:55:23Z,rules-engine match,,2026-11-07T19:55:23Z
SFL-0017659-01,INT-0017659,SCN-WAIVER-ENROLL-60S,2026-09-10T22:20:06Z,rules-engine match,,2026-09-10T22:20:06Z
SFL-0017908-01,INT-0017908,SCN-NO-FEE-DISCLOSED,2026-10-15T13:18:26Z,rules-engine match,,2026-10-15T13:18:26Z
SFL-0018078-01,INT-0018078,SCN-NO-INTEREST-FRAMING,2026-08-22T00:04:06Z,rules-engine match,,2026-08-22T00:04:06Z
SFL-0018346-01,INT-0018346,SCN-PREAPPROVED,2026-08-30T18:19:06Z,rules-engine match,,2026-08-30T18:19:06Z
SFL-0018356-01,INT-0018356,SCN-CLOSE-OBSTRUCTION,2026-10-30T19:27:23Z,rules-engine match,,2026-10-30T19:27:23Z
SFL-0018515-01,INT-0018515,SCN-COMPLAINT-NO-DISPOSITION,2026-10-01T15:35:06Z,rules-engine match,,2026-10-01T15:35:06Z
SFL-0018665-01,INT-0018665,SCN-HARDSHIP-SALE,2026-10-01T17:32:19Z,rules-engine match,,2026-10-01T17:32:19Z
SFL-0018855-01,INT-0018855,SCN-PREAPPROVED,2026-10-06T22:39:24Z,rules-engine match,,2026-10-06T22:39:24Z
SFL-0018855-02,INT-0018855,SCN-FAST-DISCLOSURE,2026-10-06T22:40:24Z,second independent rule match,,2026-10-06T22:40:24Z
SFL-0019021-01,INT-0019021,SCN-WAIVER-ENROLL-60S,2026-08-28T16:45:06Z,rules-engine match,,2026-08-28T16:45:06Z
SFL-0019021-02,INT-0019021,SCN-COMPLAINT-NO-DISPOSITION,2026-08-28T16:46:06Z,second independent rule match,,2026-08-28T16:46:06Z
SFL-0019135-01,INT-0019135,SCN-POSTCALL-ENROLL,2026-10-09T19:27:06Z,rules-engine match,,2026-10-09T19:27:06Z
SFL-0019481-01,INT-0019481,SCN-FAST-DISCLOSURE,2026-08-20T23:02:23Z,rules-engine match,,2026-08-20T23:02:23Z
SFL-0019612-01,INT-0019612,SCN-TOPDECILE-ADDON-TEAMFLAG,2026-10-09T20:00:25Z,rules-engine match,,2026-10-09T20:00:25Z
SFL-0019818-01,INT-0019818,SCN-RECORDING-GAP-SALE,2026-10-12T22:45:23Z,rules-engine match,,2026-10-12T22:45:23Z
SFL-0019926-01,INT-0019926,SCN-CONSENT-NEG-ENROLL,2026-11-04T15:58:23Z,rules-engine match,,2026-11-04T15:58:23Z
SFL-0020095-01,INT-0020095,SCN-OUTBOUND-SALE,2026-09-05T19:46:21Z,rules-engine match,,2026-09-05T19:46:21Z
SFL-0020264-01,INT-0020264,SCN-CREDIT-ASSURANCE,2026-09-16T16:11:22Z,rules-engine match,,2026-09-16T16:11:22Z
SFL-0020538-01,INT-0020538,SCN-WAIVER-ENROLL-60S,2026-10-05T20:04:25Z,rules-engine match,,2026-10-05T20:04:25Z
SFL-0020713-01,INT-0020713,SCN-NO-FEE-DISCLOSED,2026-08-27T15:10:06Z,rules-engine match,,2026-08-27T15:10:06Z
SFL-0020726-01,INT-0020726,SCN-NO-INTEREST-FRAMING,2026-11-03T21:23:24Z,rules-engine match,,2026-11-03T21:23:24Z
SFL-0020739-01,INT-0020739,SCN-PREAPPROVED,2026-11-10T23:42:24Z,rules-engine match,,2026-11-10T23:42:24Z
SFL-0020913-01,INT-0020913,SCN-CLOSE-OBSTRUCTION,2026-09-03T13:48:23Z,rules-engine match,,2026-09-03T13:48:23Z
SFL-0021051-01,INT-0021051,SCN-OUTBOUND-SALE,2026-09-25T21:26:21Z,rules-engine match,,2026-09-25T21:26:21Z
SFL-0021051-02,INT-0021051,SCN-PREAPPROVED,2026-09-25T21:27:21Z,second independent rule match,,2026-09-25T21:27:21Z
SFL-0021225-01,INT-0021225,SCN-COMPLAINT-NO-DISPOSITION,2026-09-26T16:13:22Z,rules-engine match,,2026-09-26T16:13:22Z
SFL-0021562-01,INT-0021562,SCN-HARDSHIP-SALE,2026-09-19T19:32:23Z,rules-engine match,,2026-09-19T19:32:23Z
SFL-0021598-01,INT-0021598,SCN-POSTCALL-ENROLL,2026-10-01T23:44:22Z,rules-engine match,,2026-10-01T23:44:22Z
SFL-0021989-01,INT-0021989,SCN-FAST-DISCLOSURE,2026-10-26T01:08:25Z,rules-engine match,,2026-10-26T01:08:25Z
SFL-0022239-01,INT-0022239,SCN-TOPDECILE-ADDON-TEAMFLAG,2026-09-04T16:59:21Z,rules-engine match,,2026-09-04T16:59:21Z
SFL-0022605-01,INT-0022605,SCN-RECORDING-GAP-SALE,2026-08-18T20:28:25Z,rules-engine match,,2026-08-18T20:28:25Z
SFL-0022773-01,INT-0022773,SCN-CONSENT-NEG-ENROLL,2026-10-27T14:21:06Z,rules-engine match,,2026-10-27T14:21:06Z
SFL-0022805-01,INT-0022805,SCN-OUTBOUND-SALE,2026-10-05T21:40:26Z,rules-engine match,,2026-10-05T21:40:26Z
SFL-0023287-01,INT-0023287,SCN-CREDIT-ASSURANCE,2026-10-25T22:32:23Z,rules-engine match,,2026-10-25T22:32:23Z
SFL-0023435-01,INT-0023435,SCN-WAIVER-ENROLL-60S,2026-09-03T21:12:23Z,rules-engine match,,2026-09-03T21:12:23Z
SFL-0023616-01,INT-0023616,SCN-NO-FEE-DISCLOSED,2026-10-05T22:28:22Z,rules-engine match,,2026-10-05T22:28:22Z
SFL-0023650-01,INT-0023650,SCN-NO-INTEREST-FRAMING,2026-09-13T15:50:23Z,rules-engine match,,2026-09-13T15:50:23Z
SFL-0023699-01,INT-0023699,SCN-PREAPPROVED,2026-08-31T00:04:25Z,rules-engine match,,2026-08-31T00:04:25Z
SFL-0023826-01,INT-0023826,SCN-CLOSE-OBSTRUCTION,2026-08-18T15:28:21Z,rules-engine match,,2026-08-18T15:28:21Z
SFL-0024063-01,INT-0024063,SCN-COMPLAINT-NO-DISPOSITION,2026-10-10T23:50:06Z,rules-engine match,,2026-10-10T23:50:06Z
SFL-0024147-01,INT-0024147,SCN-HARDSHIP-SALE,2026-10-04T01:33:06Z,rules-engine match,,2026-10-04T01:33:06Z
SFL-0024187-01,INT-0024187,SCN-POSTCALL-ENROLL,2026-09-23T13:40:24Z,rules-engine match,,2026-09-23T13:40:24Z
SFL-0024391-01,INT-0024391,SCN-FAST-DISCLOSURE,2026-10-30T14:15:22Z,rules-engine match,,2026-10-30T14:15:22Z
SFL-0024873-01,INT-0024873,SCN-TOPDECILE-ADDON-TEAMFLAG,2026-11-06T14:32:24Z,rules-engine match,,2026-11-06T14:32:24Z
SFL-0024964-01,INT-0024964,SCN-RECORDING-GAP-SALE,2026-09-23T22:52:21Z,rules-engine match,,2026-09-23T22:52:21Z
SFL-0025102-01,INT-0025102,SCN-CONSENT-NEG-ENROLL,2026-10-07T22:29:06Z,rules-engine match,,2026-10-07T22:29:06Z
SFL-0025260-01,INT-0025260,SCN-OUTBOUND-SALE,2026-11-13T00:39:06Z,rules-engine match,,2026-11-13T00:39:06Z
SFL-0025291-01,INT-0025291,SCN-CREDIT-ASSURANCE,2026-09-15T22:48:24Z,rules-engine match,,2026-09-15T22:48:24Z
SFL-0025790-01,INT-0025790,SCN-WAIVER-ENROLL-60S,2026-08-23T23:26:06Z,rules-engine match,,2026-08-23T23:26:06Z
SFL-0025963-01,INT-0025963,SCN-NO-FEE-DISCLOSED,2026-11-03T00:24:22Z,rules-engine match,,2026-11-03T00:24:22Z
SFL-0026008-01,INT-0026008,SCN-NO-INTEREST-FRAMING,2026-10-20T14:04:06Z,rules-engine match,,2026-10-20T14:04:06Z
SFL-0026026-01,INT-0026026,SCN-PREAPPROVED,2026-08-26T01:09:23Z,rules-engine match,,2026-08-26T01:09:23Z
SFL-0026138-01,INT-0026138,SCN-CLOSE-OBSTRUCTION,2026-10-25T01:33:24Z,rules-engine match,,2026-10-25T01:33:24Z
SFL-0026183-01,INT-0026183,SCN-COMPLAINT-NO-DISPOSITION,2026-09-08T15:22:06Z,rules-engine match,,2026-09-08T15:22:06Z
SFL-0026327-01,INT-0026327,SCN-HARDSHIP-SALE,2026-10-05T16:31:06Z,rules-engine match,,2026-10-05T16:31:06Z
SFL-0026493-01,INT-0026493,SCN-POSTCALL-ENROLL,2026-10-02T16:46:06Z,rules-engine match,,2026-10-02T16:46:06Z
SFL-0026766-01,INT-0026766,SCN-FAST-DISCLOSURE,2026-09-18T20:57:23Z,rules-engine match,,2026-09-18T20:57:23Z
SFL-0026916-01,INT-0026916,SCN-TOPDECILE-ADDON-TEAMFLAG,2026-08-18T01:32:06Z,rules-engine match,,2026-08-18T01:32:06Z
SFL-0027081-01,INT-0027081,SCN-RECORDING-GAP-SALE,2026-09-28T13:23:21Z,rules-engine match,,2026-09-28T13:23:21Z
SFL-0027901-01,INT-0027901,SCN-CONSENT-NEG-ENROLL,2026-08-19T16:18:06Z,rules-engine match,,2026-08-19T16:18:06Z
SFL-0028184-01,INT-0028184,SCN-OUTBOUND-SALE,2026-11-05T22:45:23Z,rules-engine match,,2026-11-05T22:45:23Z
SFL-0028192-01,INT-0028192,SCN-COMPLAINT-NO-DISPOSITION,2026-09-12T20:27:22Z,rules-engine match,,2026-09-12T20:27:22Z
SFL-0028192-02,INT-0028192,SCN-RECORDING-GAP-SALE,2026-09-12T20:28:22Z,second independent rule match,,2026-09-12T20:28:22Z
SFL-0028288-01,INT-0028288,SCN-CREDIT-ASSURANCE,2026-08-17T20:41:22Z,rules-engine match,,2026-08-17T20:41:22Z
SFL-0028332-01,INT-0028332,SCN-WAIVER-ENROLL-60S,2026-09-22T22:32:06Z,rules-engine match,,2026-09-22T22:32:06Z
SFL-0028389-01,INT-0028389,SCN-NO-FEE-DISCLOSED,2026-10-01T23:56:25Z,rules-engine match,,2026-10-01T23:56:25Z
SFL-0028657-01,INT-0028657,SCN-NO-INTEREST-FRAMING,2026-09-26T17:40:06Z,rules-engine match,,2026-09-26T17:40:06Z
SFL-0028693-01,INT-0028693,SCN-PREAPPROVED,2026-10-20T18:28:06Z,rules-engine match,,2026-10-20T18:28:06Z
SFL-0028736-01,INT-0028736,SCN-CLOSE-OBSTRUCTION,2026-11-08T16:30:22Z,rules-engine match,,2026-11-08T16:30:22Z
SFL-0028772-01,INT-0028772,SCN-COMPLAINT-NO-DISPOSITION,2026-10-24T18:45:24Z,rules-engine match,,2026-10-24T18:45:24Z
SFL-0029099-01,INT-0029099,SCN-HARDSHIP-SALE,2026-11-07T17:22:06Z,rules-engine match,,2026-11-07T17:22:06Z
SFL-0029393-01,INT-0029393,SCN-POSTCALL-ENROLL,2026-10-12T21:21:24Z,rules-engine match,,2026-10-12T21:21:24Z
SFL-0029476-01,INT-0029476,SCN-FAST-DISCLOSURE,2026-11-07T01:20:25Z,rules-engine match,,2026-11-07T01:20:25Z
SFL-0029484-01,INT-0029484,SCN-TOPDECILE-ADDON-TEAMFLAG,2026-09-22T22:32:06Z,rules-engine match,,2026-09-22T22:32:06Z
SFL-0029583-01,INT-0029583,SCN-RECORDING-GAP-SALE,2026-08-20T18:14:23Z,rules-engine match,,2026-08-20T18:14:23Z
SFL-0029600-01,INT-0029600,SCN-CONSENT-NEG-ENROLL,2026-09-29T17:58:21Z,rules-engine match,,2026-09-29T17:58:21Z
SFL-0029738-01,INT-0029738,SCN-OUTBOUND-SALE,2026-09-15T18:00:21Z,rules-engine match,,2026-09-15T18:00:21Z
SFL-0029920-01,INT-0029920,SCN-PREAPPROVED,2026-09-19T21:32:24Z,rules-engine match,,2026-09-19T21:32:24Z
SFL-0029920-02,INT-0029920,SCN-FAST-DISCLOSURE,2026-09-19T21:33:24Z,second independent rule match,,2026-09-19T21:33:24Z
SFL-0030047-01,INT-0030047,SCN-CREDIT-ASSURANCE,2026-10-01T18:08:24Z,rules-engine match,,2026-10-01T18:08:24Z
SFL-0030326-01,INT-0030326,SCN-WAIVER-ENROLL-60S,2026-08-22T16:51:06Z,rules-engine match,,2026-08-22T16:51:06Z
SFL-0030424-01,INT-0030424,SCN-NO-FEE-DISCLOSED,2026-09-21T19:21:06Z,rules-engine match,,2026-09-21T19:21:06Z
SFL-0030616-01,INT-0030616,SCN-NO-INTEREST-FRAMING,2026-09-17T19:58:22Z,rules-engine match,,2026-09-17T19:58:22Z
SFL-0030642-01,INT-0030642,SCN-PREAPPROVED,2026-08-24T21:01:06Z,rules-engine match,,2026-08-24T21:01:06Z
SFL-0030711-01,INT-0030711,SCN-CLOSE-OBSTRUCTION,2026-10-03T17:18:26Z,rules-engine match,,2026-10-03T17:18:26Z
SFL-0030829-01,INT-0030829,SCN-COMPLAINT-NO-DISPOSITION,2026-09-14T20:13:22Z,rules-engine match,,2026-09-14T20:13:22Z
SFL-0030850-01,INT-0030850,SCN-HARDSHIP-SALE,2026-09-09T15:45:06Z,rules-engine match,,2026-09-09T15:45:06Z
SFL-0030989-01,INT-0030989,SCN-POSTCALL-ENROLL,2026-10-12T00:01:06Z,rules-engine match,,2026-10-12T00:01:06Z
SFL-0031070-01,INT-0031070,SCN-FAST-DISCLOSURE,2026-10-08T17:04:06Z,rules-engine match,,2026-10-08T17:04:06Z
SFL-0031164-01,INT-0031164,SCN-TOPDECILE-ADDON-TEAMFLAG,2026-09-15T23:39:06Z,rules-engine match,,2026-09-15T23:39:06Z
SFL-0031201-01,INT-0031201,SCN-RECORDING-GAP-SALE,2026-10-20T19:13:20Z,rules-engine match,,2026-10-20T19:13:20Z
SFL-0031262-01,INT-0031262,SCN-CONSENT-NEG-ENROLL,2026-11-02T21:00:25Z,rules-engine match,,2026-11-02T21:00:25Z
SFL-0031826-01,INT-0031826,SCN-OUTBOUND-SALE,2026-10-29T17:04:22Z,rules-engine match,,2026-10-29T17:04:22Z
SFL-0031904-01,INT-0031904,SCN-CREDIT-ASSURANCE,2026-10-10T21:59:24Z,rules-engine match,,2026-10-10T21:59:24Z
SFL-0031965-01,INT-0031965,SCN-WAIVER-ENROLL-60S,2026-11-07T17:22:06Z,rules-engine match,,2026-11-07T17:22:06Z
SFL-0032052-01,INT-0032052,SCN-NO-FEE-DISCLOSED,2026-11-10T01:55:25Z,rules-engine match,,2026-11-10T01:55:25Z
SFL-0032125-01,INT-0032125,SCN-NO-INTEREST-FRAMING,2026-09-16T20:47:22Z,rules-engine match,,2026-09-16T20:47:22Z
SFL-0032136-01,INT-0032136,SCN-PREAPPROVED,2026-09-03T22:15:06Z,rules-engine match,,2026-09-03T22:15:06Z
SFL-0032230-01,INT-0032230,SCN-CLOSE-OBSTRUCTION,2026-09-25T00:18:06Z,rules-engine match,,2026-09-25T00:18:06Z
SFL-0032355-01,INT-0032355,SCN-COMPLAINT-NO-DISPOSITION,2026-09-23T22:28:24Z,rules-engine match,,2026-09-23T22:28:24Z
SFL-0032384-01,INT-0032384,SCN-HARDSHIP-SALE,2026-09-20T22:19:22Z,rules-engine match,,2026-09-20T22:19:22Z
SFL-0032680-01,INT-0032680,SCN-POSTCALL-ENROLL,2026-10-14T19:55:22Z,rules-engine match,,2026-10-14T19:55:22Z
SFL-0032709-01,INT-0032709,SCN-FAST-DISCLOSURE,2026-11-13T01:29:06Z,rules-engine match,,2026-11-13T01:29:06Z
SFL-0033032-01,INT-0033032,SCN-TOPDECILE-ADDON-TEAMFLAG,2026-10-03T18:42:25Z,rules-engine match,,2026-10-03T18:42:25Z
SFL-0033274-01,INT-0033274,SCN-RECORDING-GAP-SALE,2026-10-14T19:31:24Z,rules-engine match,,2026-10-14T19:31:24Z
SFL-0033414-01,INT-0033414,SCN-CONSENT-NEG-ENROLL,2026-11-03T22:23:22Z,rules-engine match,,2026-11-03T22:23:22Z
SFL-0033478-01,INT-0033478,SCN-OUTBOUND-SALE,2026-11-12T00:12:06Z,rules-engine match,,2026-11-12T00:12:06Z
SFL-0033480-01,INT-0033480,SCN-CREDIT-ASSURANCE,2026-10-28T15:29:25Z,rules-engine match,,2026-10-28T15:29:25Z
SFL-0033488-01,INT-0033488,SCN-WAIVER-ENROLL-60S,2026-10-07T15:50:25Z,rules-engine match,,2026-10-07T15:50:25Z
SFL-0033536-01,INT-0033536,SCN-NO-FEE-DISCLOSED,2026-08-22T21:24:22Z,rules-engine match,,2026-08-22T21:24:22Z
SFL-0033759-01,INT-0033759,SCN-NO-INTEREST-FRAMING,2026-11-05T19:00:06Z,rules-engine match,,2026-11-05T19:00:06Z
SFL-0033931-01,INT-0033931,SCN-PREAPPROVED,2026-09-27T18:24:23Z,rules-engine match,,2026-09-27T18:24:23Z
SFL-0033999-01,INT-0033999,SCN-CLOSE-OBSTRUCTION,2026-09-28T23:11:23Z,rules-engine match,,2026-09-28T23:11:23Z
SFL-0034184-01,INT-0034184,SCN-COMPLAINT-NO-DISPOSITION,2026-09-27T22:48:26Z,rules-engine match,,2026-09-27T22:48:26Z
SFL-0034347-01,INT-0034347,SCN-HARDSHIP-SALE,2026-09-11T17:28:25Z,rules-engine match,,2026-09-11T17:28:25Z
SFL-0035132-01,INT-0035132,SCN-POSTCALL-ENROLL,2026-09-07T16:32:24Z,rules-engine match,,2026-09-07T16:32:24Z
SFL-0035142-01,INT-0035142,SCN-FAST-DISCLOSURE,2026-09-16T21:35:25Z,rules-engine match,,2026-09-16T21:35:25Z
SFL-0035258-01,INT-0035258,SCN-TOPDECILE-ADDON-TEAMFLAG,2026-10-13T13:08:23Z,rules-engine match,,2026-10-13T13:08:23Z
SFL-0036125-01,INT-0036125,SCN-RECORDING-GAP-SALE,2026-09-27T16:12:25Z,rules-engine match,,2026-09-27T16:12:25Z
SFL-0036144-01,INT-0036144,SCN-CONSENT-NEG-ENROLL,2026-10-03T15:06:23Z,rules-engine match,,2026-10-03T15:06:23Z
SFL-0036299-01,INT-0036299,SCN-OUTBOUND-SALE,2026-08-20T17:38:21Z,rules-engine match,,2026-08-20T17:38:21Z
SFL-0036712-01,INT-0036712,SCN-CREDIT-ASSURANCE,2026-10-28T22:41:22Z,rules-engine match,,2026-10-28T22:41:22Z
SFL-0037110-01,INT-0037110,SCN-WAIVER-ENROLL-60S,2026-08-18T15:43:06Z,rules-engine match,,2026-08-18T15:43:06Z
SFL-0037112-01,INT-0037112,SCN-NO-FEE-DISCLOSED,2026-09-23T19:52:23Z,rules-engine match,,2026-09-23T19:52:23Z
SFL-0037130-01,INT-0037130,SCN-NO-INTEREST-FRAMING,2026-09-06T18:09:23Z,rules-engine match,,2026-09-06T18:09:23Z
SFL-0037135-01,INT-0037135,SCN-PREAPPROVED,2026-10-20T01:41:06Z,rules-engine match,,2026-10-20T01:41:06Z
SFL-0037182-01,INT-0037182,SCN-CLOSE-OBSTRUCTION,2026-10-21T18:36:24Z,rules-engine match,,2026-10-21T18:36:24Z
SFL-0038010-01,INT-0038010,SCN-COMPLAINT-NO-DISPOSITION,2026-10-08T21:37:23Z,rules-engine match,,2026-10-08T21:37:23Z
SFL-0038312-01,INT-0038312,SCN-HARDSHIP-SALE,2026-10-17T21:07:06Z,rules-engine match,,2026-10-17T21:07:06Z
SFL-0038396-01,INT-0038396,SCN-POSTCALL-ENROLL,2026-08-19T18:06:06Z,rules-engine match,,2026-08-19T18:06:06Z
SFL-0038570-01,INT-0038570,SCN-FAST-DISCLOSURE,2026-08-17T15:53:23Z,rules-engine match,,2026-08-17T15:53:23Z
SFL-0038582-01,INT-0038582,SCN-TOPDECILE-ADDON-TEAMFLAG,2026-08-27T14:22:06Z,rules-engine match,,2026-08-27T14:22:06Z
SFL-0039021-01,INT-0039021,SCN-RECORDING-GAP-SALE,2026-10-08T21:37:24Z,rules-engine match,,2026-10-08T21:37:24Z
SFL-0039123-01,INT-0039123,SCN-CONSENT-NEG-ENROLL,2026-10-31T19:26:25Z,rules-engine match,,2026-10-31T19:26:25Z
SFL-0039841-01,INT-0039841,SCN-OUTBOUND-SALE,2026-09-29T17:34:26Z,rules-engine match,,2026-09-29T17:34:26Z
SFL-0039877-01,INT-0039877,SCN-CREDIT-ASSURANCE,2026-08-27T18:46:06Z,rules-engine match,,2026-08-27T18:46:06Z
SFL-0039916-01,INT-0039916,SCN-WAIVER-ENROLL-60S,2026-11-02T18:12:19Z,rules-engine match,,2026-11-02T18:12:19Z
SFL-0040040-01,INT-0040040,SCN-NO-FEE-DISCLOSED,2026-11-10T17:05:15Z,rules-engine match,,2026-11-10T17:05:15Z
SFL-0040041-01,INT-0040041,SCN-NO-INTEREST-FRAMING,2026-11-11T17:05:15Z,rules-engine match,,2026-11-11T17:05:15Z
SFL-0040042-01,INT-0040042,SCN-PREAPPROVED,2026-10-01T17:05:15Z,rules-engine match,,2026-10-01T17:05:15Z
SFL-0040043-01,INT-0040043,SCN-CLOSE-OBSTRUCTION,2026-10-02T17:05:15Z,rules-engine match,,2026-10-02T17:05:15Z
SFL-0040044-01,INT-0040044,SCN-COMPLAINT-NO-DISPOSITION,2026-10-03T17:05:15Z,rules-engine match,,2026-10-03T17:05:15Z
SFL-0040045-01,INT-0040045,SCN-HARDSHIP-SALE,2026-10-04T17:05:15Z,rules-engine match,,2026-10-04T17:05:15Z
SFL-0040396-01,INT-0040396,SCN-POSTCALL-ENROLL,2026-10-04T20:53:23Z,rules-engine match,,2026-10-04T20:53:23Z
SFL-0040951-01,INT-0040951,SCN-FAST-DISCLOSURE,2026-09-21T22:21:06Z,rules-engine match,,2026-09-21T22:21:06Z
SFL-0040953-01,INT-0040953,SCN-TOPDECILE-ADDON-TEAMFLAG,2026-10-25T18:44:22Z,rules-engine match,,2026-10-25T18:44:22Z
SFL-0041038-01,INT-0041038,SCN-RECORDING-GAP-SALE,2026-09-21T18:57:06Z,rules-engine match,,2026-09-21T18:57:06Z
SFL-0041319-01,INT-0041319,SCN-CONSENT-NEG-ENROLL,2026-08-18T22:40:23Z,rules-engine match,,2026-08-18T22:40:23Z
SFL-0041655-01,INT-0041655,SCN-OUTBOUND-SALE,2026-10-15T19:06:21Z,rules-engine match,,2026-10-15T19:06:21Z
SFL-0041701-01,INT-0041701,SCN-CREDIT-ASSURANCE,2026-11-13T20:48:26Z,rules-engine match,,2026-11-13T20:48:26Z
SFL-0041775-01,INT-0041775,SCN-WAIVER-ENROLL-60S,2026-10-12T01:13:06Z,rules-engine match,,2026-10-12T01:13:06Z
SFL-0041829-01,INT-0041829,SCN-NO-FEE-DISCLOSED,2026-09-13T00:03:25Z,rules-engine match,,2026-09-13T00:03:25Z
SFL-0041835-01,INT-0041835,SCN-NO-INTEREST-FRAMING,2026-09-10T16:17:26Z,rules-engine match,,2026-09-10T16:17:26Z
SFL-0041855-01,INT-0041855,SCN-PREAPPROVED,2026-08-25T15:45:18Z,rules-engine match,,2026-08-25T15:45:18Z
SFL-0041861-01,INT-0041861,SCN-CLOSE-OBSTRUCTION,2026-10-25T19:11:06Z,rules-engine match,,2026-10-25T19:11:06Z
SFL-0041875-01,INT-0041875,SCN-COMPLAINT-NO-DISPOSITION,2026-09-07T17:08:22Z,rules-engine match,,2026-09-07T17:08:22Z
SFL-0041877-01,INT-0041877,SCN-HARDSHIP-SALE,2026-11-08T21:54:24Z,rules-engine match,,2026-11-08T21:54:24Z
SFL-0042032-01,INT-0042032,SCN-POSTCALL-ENROLL,2026-09-01T17:29:06Z,rules-engine match,,2026-09-01T17:29:06Z
SFL-0042296-01,INT-0042296,SCN-FAST-DISCLOSURE,2026-10-21T00:40:06Z,rules-engine match,,2026-10-21T00:40:06Z
SFL-0042444-01,INT-0042444,SCN-TOPDECILE-ADDON-TEAMFLAG,2026-08-29T20:56:06Z,rules-engine match,,2026-08-29T20:56:06Z
SFL-0042695-01,INT-0042695,SCN-RECORDING-GAP-SALE,2026-09-24T23:39:18Z,rules-engine match,,2026-09-24T23:39:18Z
SFL-0042909-01,INT-0042909,SCN-CONSENT-NEG-ENROLL,2026-10-04T17:53:19Z,rules-engine match,,2026-10-04T17:53:19Z
SFL-0043119-01,INT-0043119,SCN-OUTBOUND-SALE,2026-09-24T00:28:22Z,rules-engine match,,2026-09-24T00:28:22Z
SFL-0043353-01,INT-0043353,SCN-CREDIT-ASSURANCE,2026-08-21T15:37:23Z,rules-engine match,,2026-08-21T15:37:23Z
SFL-0043381-01,INT-0043381,SCN-WAIVER-ENROLL-60S,2026-10-10T15:47:23Z,rules-engine match,,2026-10-10T15:47:23Z
SFL-0043566-01,INT-0043566,SCN-NO-FEE-DISCLOSED,2026-09-07T18:23:06Z,rules-engine match,,2026-09-07T18:23:06Z
SFL-0043609-01,INT-0043609,SCN-NO-INTEREST-FRAMING,2026-10-01T21:20:23Z,rules-engine match,,2026-10-01T21:20:23Z
SFL-0043830-01,INT-0043830,SCN-PREAPPROVED,2026-09-04T22:14:06Z,rules-engine match,,2026-09-04T22:14:06Z
SFL-0043860-01,INT-0043860,SCN-CLOSE-OBSTRUCTION,2026-08-26T19:56:25Z,rules-engine match,,2026-08-26T19:56:25Z
SFL-0043934-01,INT-0043934,SCN-COMPLAINT-NO-DISPOSITION,2026-10-06T18:42:06Z,rules-engine match,,2026-10-06T18:42:06Z
SFL-0044164-01,INT-0044164,SCN-HARDSHIP-SALE,2026-11-08T01:43:23Z,rules-engine match,,2026-11-08T01:43:23Z
SFL-0044281-01,INT-0044281,SCN-POSTCALL-ENROLL,2026-10-05T23:52:18Z,rules-engine match,,2026-10-05T23:52:18Z
SFL-0044403-01,INT-0044403,SCN-FAST-DISCLOSURE,2026-08-21T14:49:23Z,rules-engine match,,2026-08-21T14:49:23Z
SFL-0044589-01,INT-0044589,SCN-TOPDECILE-ADDON-TEAMFLAG,2026-09-27T23:27:06Z,rules-engine match,,2026-09-27T23:27:06Z
SFL-0044759-01,INT-0044759,SCN-RECORDING-GAP-SALE,2026-10-30T01:52:23Z,rules-engine match,,2026-10-30T01:52:23Z
SFL-0044929-01,INT-0044929,SCN-CONSENT-NEG-ENROLL,2026-08-26T17:44:22Z,rules-engine match,,2026-08-26T17:44:22Z
SFL-0045035-01,INT-0045035,SCN-OUTBOUND-SALE,2026-11-13T01:21:22Z,rules-engine match,,2026-11-13T01:21:22Z
SFL-0045057-01,INT-0045057,SCN-CREDIT-ASSURANCE,2026-09-06T16:57:22Z,rules-engine match,,2026-09-06T16:57:22Z
SFL-0045205-01,INT-0045205,SCN-WAIVER-ENROLL-60S,2026-09-21T17:30:24Z,rules-engine match,,2026-09-21T17:30:24Z
SFL-0045254-01,INT-0045254,SCN-NO-FEE-DISCLOSED,2026-09-03T23:00:23Z,rules-engine match,,2026-09-03T23:00:23Z
SFL-0045405-01,INT-0045405,SCN-NO-INTEREST-FRAMING,2026-09-05T16:46:19Z,rules-engine match,,2026-09-05T16:46:19Z
SFL-0045742-01,INT-0045742,SCN-PREAPPROVED,2026-10-24T18:12:06Z,rules-engine match,,2026-10-24T18:12:06Z
SFL-0045857-01,INT-0045857,SCN-CLOSE-OBSTRUCTION,2026-09-21T19:18:26Z,rules-engine match,,2026-09-21T19:18:26Z
SFL-0045973-01,INT-0045973,SCN-COMPLAINT-NO-DISPOSITION,2026-11-08T00:58:06Z,rules-engine match,,2026-11-08T00:58:06Z
SFL-0045976-01,INT-0045976,SCN-HARDSHIP-SALE,2026-10-26T18:55:22Z,rules-engine match,,2026-10-26T18:55:22Z
SFL-0046105-01,INT-0046105,SCN-POSTCALL-ENROLL,2026-10-10T23:47:22Z,rules-engine match,,2026-10-10T23:47:22Z
SFL-0046405-01,INT-0046405,SCN-FAST-DISCLOSURE,2026-10-31T13:53:06Z,rules-engine match,,2026-10-31T13:53:06Z
SFL-0047030-01,INT-0047030,SCN-TOPDECILE-ADDON-TEAMFLAG,2026-11-04T00:02:06Z,rules-engine match,,2026-11-04T00:02:06Z
SFL-0047193-01,INT-0047193,SCN-RECORDING-GAP-SALE,2026-11-12T18:56:23Z,rules-engine match,,2026-11-12T18:56:23Z
SFL-0047245-01,INT-0047245,SCN-CONSENT-NEG-ENROLL,2026-10-11T21:46:19Z,rules-engine match,,2026-10-11T21:46:19Z
SFL-0047916-01,INT-0047916,SCN-OUTBOUND-SALE,2026-08-18T23:31:06Z,rules-engine match,,2026-08-18T23:31:06Z
SFL-0048047-01,INT-0048047,SCN-CREDIT-ASSURANCE,2026-09-20T15:07:24Z,rules-engine match,,2026-09-20T15:07:24Z
SFL-0048218-01,INT-0048218,SCN-WAIVER-ENROLL-60S,2026-11-10T16:50:06Z,rules-engine match,,2026-11-10T16:50:06Z
SFL-0048684-01,INT-0048684,SCN-NO-FEE-DISCLOSED,2026-08-29T18:56:06Z,rules-engine match,,2026-08-29T18:56:06Z
SFL-0048921-01,INT-0048921,SCN-NO-INTEREST-FRAMING,2026-10-02T16:58:06Z,rules-engine match,,2026-10-02T16:58:06Z
SFL-0048937-01,INT-0048937,SCN-PREAPPROVED,2026-09-06T01:34:26Z,rules-engine match,,2026-09-06T01:34:26Z
SFL-0049322-01,INT-0049322,SCN-CLOSE-OBSTRUCTION,2026-09-09T17:57:06Z,rules-engine match,,2026-09-09T17:57:06Z
SFL-0049343-01,INT-0049343,SCN-COMPLAINT-NO-DISPOSITION,2026-09-07T20:32:18Z,rules-engine match,,2026-09-07T20:32:18Z
SFL-0049606-01,INT-0049606,SCN-HARDSHIP-SALE,2026-10-09T18:12:19Z,rules-engine match,,2026-10-09T18:12:19Z
SFL-0049730-01,INT-0049730,SCN-POSTCALL-ENROLL,2026-09-23T17:28:25Z,rules-engine match,,2026-09-23T17:28:25Z
SFL-0049914-01,INT-0049914,SCN-FAST-DISCLOSURE,2026-09-26T19:25:23Z,rules-engine match,,2026-09-26T19:25:23Z
SFL-0049934-01,INT-0049934,SCN-TOPDECILE-ADDON-TEAMFLAG,2026-09-02T14:01:24Z,rules-engine match,,2026-09-02T14:01:24Z
SFL-0050052-01,INT-0050052,SCN-RECORDING-GAP-SALE,2026-11-12T20:21:24Z,rules-engine match,,2026-11-12T20:21:24Z
SFL-0050131-01,INT-0050131,SCN-CONSENT-NEG-ENROLL,2026-11-05T16:57:22Z,rules-engine match,,2026-11-05T16:57:22Z
SFL-0050138-01,INT-0050138,SCN-OUTBOUND-SALE,2026-10-29T01:08:06Z,rules-engine match,,2026-10-29T01:08:06Z
SFL-0050187-01,INT-0050187,SCN-CREDIT-ASSURANCE,2026-09-21T16:18:23Z,rules-engine match,,2026-09-21T16:18:23Z
SFL-0051145-01,INT-0051145,SCN-WAIVER-ENROLL-60S,2026-11-10T15:47:24Z,rules-engine match,,2026-11-10T15:47:24Z
SFL-0051295-01,INT-0051295,SCN-NO-FEE-DISCLOSED,2026-10-22T13:47:23Z,rules-engine match,,2026-10-22T13:47:23Z
SFL-0051419-01,INT-0051419,SCN-NO-INTEREST-FRAMING,2026-09-02T23:37:26Z,rules-engine match,,2026-09-02T23:37:26Z
SFL-0051612-01,INT-0051612,SCN-PREAPPROVED,2026-09-12T23:39:20Z,rules-engine match,,2026-09-12T23:39:20Z
SFL-0051798-01,INT-0051798,SCN-CLOSE-OBSTRUCTION,2026-10-31T00:03:24Z,rules-engine match,,2026-10-31T00:03:24Z
SFL-0051851-01,INT-0051851,SCN-COMPLAINT-NO-DISPOSITION,2026-09-15T20:24:22Z,rules-engine match,,2026-09-15T20:24:22Z
SFL-0051979-01,INT-0051979,SCN-HARDSHIP-SALE,2026-10-21T13:36:24Z,rules-engine match,,2026-10-21T13:36:24Z
SFL-0052165-01,INT-0052165,SCN-POSTCALL-ENROLL,2026-09-16T01:48:26Z,rules-engine match,,2026-09-16T01:48:26Z
SFL-0052166-01,INT-0052166,SCN-FAST-DISCLOSURE,2026-11-06T23:47:06Z,rules-engine match,,2026-11-06T23:47:06Z
SFL-0052199-01,INT-0052199,SCN-TOPDECILE-ADDON-TEAMFLAG,2026-11-07T23:07:26Z,rules-engine match,,2026-11-07T23:07:26Z
SFL-0052205-01,INT-0052205,SCN-RECORDING-GAP-SALE,2026-09-11T23:55:06Z,rules-engine match,,2026-09-11T23:55:06Z
SFL-0052339-01,INT-0052339,SCN-CONSENT-NEG-ENROLL,2026-09-04T19:35:24Z,rules-engine match,,2026-09-04T19:35:24Z
SFL-0052397-01,INT-0052397,SCN-OUTBOUND-SALE,2026-08-22T18:48:26Z,rules-engine match,,2026-08-22T18:48:26Z
SFL-0052453-01,INT-0052453,SCN-CREDIT-ASSURANCE,2026-10-10T22:50:06Z,rules-engine match,,2026-10-10T22:50:06Z
SFL-0052460-01,INT-0052460,SCN-WAIVER-ENROLL-60S,2026-09-22T21:17:22Z,rules-engine match,,2026-09-22T21:17:22Z
SFL-0052532-01,INT-0052532,SCN-NO-FEE-DISCLOSED,2026-09-19T22:11:06Z,rules-engine match,,2026-09-19T22:11:06Z
SFL-0052595-01,INT-0052595,SCN-NO-INTEREST-FRAMING,2026-10-25T23:20:23Z,rules-engine match,,2026-10-25T23:20:23Z
SFL-0052912-01,INT-0052912,SCN-PREAPPROVED,2026-09-17T15:13:06Z,rules-engine match,,2026-09-17T15:13:06Z
SFL-0052917-01,INT-0052917,SCN-CLOSE-OBSTRUCTION,2026-10-30T15:15:22Z,rules-engine match,,2026-10-30T15:15:22Z
SFL-0053054-01,INT-0053054,SCN-COMPLAINT-NO-DISPOSITION,2026-08-26T21:47:06Z,rules-engine match,,2026-08-26T21:47:06Z
SFL-0053503-01,INT-0053503,SCN-HARDSHIP-SALE,2026-09-14T18:25:24Z,rules-engine match,,2026-09-14T18:25:24Z
SFL-0053661-01,INT-0053661,SCN-POSTCALL-ENROLL,2026-10-24T14:09:23Z,rules-engine match,,2026-10-24T14:09:23Z
SFL-0053662-01,INT-0053662,SCN-TOPDECILE-ADDON-TEAMFLAG,2026-10-02T18:10:06Z,rules-engine match,,2026-10-02T18:10:06Z
SFL-0053662-02,INT-0053662,SCN-WAIVER-ENROLL-60S,2026-10-02T18:11:06Z,second independent rule match,,2026-10-02T18:11:06Z
SFL-0053691-01,INT-0053691,SCN-FAST-DISCLOSURE,2026-10-23T21:46:20Z,rules-engine match,,2026-10-23T21:46:20Z
SFL-0053721-01,INT-0053721,SCN-TOPDECILE-ADDON-TEAMFLAG,2026-10-19T17:14:23Z,rules-engine match,,2026-10-19T17:14:23Z
SFL-0053793-01,INT-0053793,SCN-RECORDING-GAP-SALE,2026-10-11T23:01:06Z,rules-engine match,,2026-10-11T23:01:06Z
SFL-0053814-01,INT-0053814,SCN-CONSENT-NEG-ENROLL,2026-11-04T00:14:06Z,rules-engine match,,2026-11-04T00:14:06Z
SFL-0053873-01,INT-0053873,SCN-OUTBOUND-SALE,2026-10-12T13:57:24Z,rules-engine match,,2026-10-12T13:57:24Z
SFL-0053920-01,INT-0053920,SCN-CREDIT-ASSURANCE,2026-10-09T17:15:06Z,rules-engine match,,2026-10-09T17:15:06Z
SFL-0054129-01,INT-0054129,SCN-WAIVER-ENROLL-60S,2026-10-06T21:18:06Z,rules-engine match,,2026-10-06T21:18:06Z
SFL-0054130-01,INT-0054130,SCN-NO-FEE-DISCLOSED,2026-08-23T21:11:24Z,rules-engine match,,2026-08-23T21:11:24Z
SFL-0054131-01,INT-0054131,SCN-NO-INTEREST-FRAMING,2026-10-17T17:28:24Z,rules-engine match,,2026-10-17T17:28:24Z
SFL-0054250-01,INT-0054250,SCN-PREAPPROVED,2026-10-10T16:47:24Z,rules-engine match,,2026-10-10T16:47:24Z
SFL-0054761-01,INT-0054761,SCN-CLOSE-OBSTRUCTION,2026-11-09T22:50:25Z,rules-engine match,,2026-11-09T22:50:25Z
SFL-0054782-01,INT-0054782,SCN-COMPLAINT-NO-DISPOSITION,2026-09-18T21:48:06Z,rules-engine match,,2026-09-18T21:48:06Z
SFL-0055223-01,INT-0055223,SCN-HARDSHIP-SALE,2026-09-14T23:04:06Z,rules-engine match,,2026-09-14T23:04:06Z
SFL-0055744-01,INT-0055744,SCN-POSTCALL-ENROLL,2026-10-03T13:45:06Z,rules-engine match,,2026-10-03T13:45:06Z
SFL-0055814-01,INT-0055814,SCN-FAST-DISCLOSURE,2026-10-18T17:39:18Z,rules-engine match,,2026-10-18T17:39:18Z
SFL-0055892-01,INT-0055892,SCN-TOPDECILE-ADDON-TEAMFLAG,2026-11-01T18:04:06Z,rules-engine match,,2026-11-01T18:04:06Z
SFL-0055976-01,INT-0055976,SCN-POSTCALL-ENROLL,2026-10-08T21:49:25Z,rules-engine match,,2026-10-08T21:49:25Z
SFL-0055976-02,INT-0055976,SCN-OUTBOUND-SALE,2026-10-08T21:50:25Z,second independent rule match,,2026-10-08T21:50:25Z
SFL-0056011-01,INT-0056011,SCN-RECORDING-GAP-SALE,2026-09-08T18:55:22Z,rules-engine match,,2026-09-08T18:55:22Z
SFL-0056171-01,INT-0056171,SCN-CONSENT-NEG-ENROLL,2026-09-19T21:47:06Z,rules-engine match,,2026-09-19T21:47:06Z
SFL-0056275-01,INT-0056275,SCN-OUTBOUND-SALE,2026-09-22T15:29:22Z,rules-engine match,,2026-09-22T15:29:22Z
SFL-0056620-01,INT-0056620,SCN-CREDIT-ASSURANCE,2026-09-29T22:34:23Z,rules-engine match,,2026-09-29T22:34:23Z
SFL-0056677-01,INT-0056677,SCN-WAIVER-ENROLL-60S,2026-08-22T23:00:25Z,rules-engine match,,2026-08-22T23:00:25Z
SFL-0057123-01,INT-0057123,SCN-NO-FEE-DISCLOSED,2026-11-11T18:49:22Z,rules-engine match,,2026-11-11T18:49:22Z
SFL-0057140-01,INT-0057140,SCN-NO-INTEREST-FRAMING,2026-10-26T15:55:24Z,rules-engine match,,2026-10-26T15:55:24Z
SFL-0057192-01,INT-0057192,SCN-PREAPPROVED,2026-11-11T20:04:25Z,rules-engine match,,2026-11-11T20:04:25Z
SFL-0057303-01,INT-0057303,SCN-CLOSE-OBSTRUCTION,2026-09-25T23:26:23Z,rules-engine match,,2026-09-25T23:26:23Z
SFL-0057435-01,INT-0057435,SCN-COMPLAINT-NO-DISPOSITION,2026-08-25T16:00:06Z,rules-engine match,,2026-08-25T16:00:06Z
SFL-0057558-01,INT-0057558,SCN-HARDSHIP-SALE,2026-10-25T15:32:24Z,rules-engine match,,2026-10-25T15:32:24Z
SFL-0057792-01,INT-0057792,SCN-POSTCALL-ENROLL,2026-09-12T18:51:24Z,rules-engine match,,2026-09-12T18:51:24Z
SFL-0058056-01,INT-0058056,SCN-FAST-DISCLOSURE,2026-09-30T15:33:24Z,rules-engine match,,2026-09-30T15:33:24Z
SFL-0058093-01,INT-0058093,SCN-TOPDECILE-ADDON-TEAMFLAG,2026-10-15T17:21:06Z,rules-engine match,,2026-10-15T17:21:06Z
SFL-0058559-01,INT-0058559,SCN-RECORDING-GAP-SALE,2026-10-28T19:29:24Z,rules-engine match,,2026-10-28T19:29:24Z
SFL-0059254-01,INT-0059254,SCN-CONSENT-NEG-ENROLL,2026-09-27T18:48:22Z,rules-engine match,,2026-09-27T18:48:22Z
SFL-0059267-01,INT-0059267,SCN-OUTBOUND-SALE,2026-09-13T16:38:24Z,rules-engine match,,2026-09-13T16:38:24Z
SFL-0059598-01,INT-0059598,SCN-CREDIT-ASSURANCE,2026-09-18T21:33:25Z,rules-engine match,,2026-09-18T21:33:25Z
SFL-0059616-01,INT-0059616,SCN-WAIVER-ENROLL-60S,2026-09-07T21:11:06Z,rules-engine match,,2026-09-07T21:11:06Z
SFL-0059659-01,INT-0059659,SCN-NO-FEE-DISCLOSED,2026-11-13T20:53:24Z,rules-engine match,,2026-11-13T20:53:24Z
SFL-0059705-01,INT-0059705,SCN-NO-INTEREST-FRAMING,2026-09-19T16:23:06Z,rules-engine match,,2026-09-19T16:23:06Z
SFL-0059826-01,INT-0059826,SCN-PREAPPROVED,2026-11-08T21:42:26Z,rules-engine match,,2026-11-08T21:42:26Z
SFL-0060191-01,INT-0060191,SCN-CLOSE-OBSTRUCTION,2026-08-25T01:10:24Z,rules-engine match,,2026-08-25T01:10:24Z
SFL-0060215-01,INT-0060215,SCN-COMPLAINT-NO-DISPOSITION,2026-10-19T21:38:23Z,rules-engine match,,2026-10-19T21:38:23Z
SFL-0060364-01,INT-0060364,SCN-HARDSHIP-SALE,2026-10-17T22:40:25Z,rules-engine match,,2026-10-17T22:40:25Z
SFL-0060380-01,INT-0060380,SCN-POSTCALL-ENROLL,2026-10-15T00:55:24Z,rules-engine match,,2026-10-15T00:55:24Z
SFL-0061140-01,INT-0061140,SCN-FAST-DISCLOSURE,2026-10-15T13:30:21Z,rules-engine match,,2026-10-15T13:30:21Z
SFL-0061171-01,INT-0061171,SCN-TOPDECILE-ADDON-TEAMFLAG,2026-09-16T17:14:06Z,rules-engine match,,2026-09-16T17:14:06Z
SFL-0061193-01,INT-0061193,SCN-RECORDING-GAP-SALE,2026-11-03T21:50:06Z,rules-engine match,,2026-11-03T21:50:06Z
SFL-0061423-01,INT-0061423,SCN-CONSENT-NEG-ENROLL,2026-11-04T18:46:19Z,rules-engine match,,2026-11-04T18:46:19Z
SFL-0061546-01,INT-0061546,SCN-OUTBOUND-SALE,2026-08-21T21:13:23Z,rules-engine match,,2026-08-21T21:13:23Z
SFL-0061628-01,INT-0061628,SCN-CREDIT-ASSURANCE,2026-11-10T20:15:06Z,rules-engine match,,2026-11-10T20:15:06Z
SFL-0061899-01,INT-0061899,SCN-WAIVER-ENROLL-60S,2026-11-12T21:01:23Z,rules-engine match,,2026-11-12T21:01:23Z
SFL-0062268-01,INT-0062268,SCN-NO-FEE-DISCLOSED,2026-10-01T18:20:23Z,rules-engine match,,2026-10-01T18:20:23Z
SFL-0062407-01,INT-0062407,SCN-NO-INTEREST-FRAMING,2026-09-28T21:47:26Z,rules-engine match,,2026-09-28T21:47:26Z
SFL-0062849-01,INT-0062849,SCN-PREAPPROVED,2026-09-11T21:31:06Z,rules-engine match,,2026-09-11T21:31:06Z
SFL-0062851-01,INT-0062851,SCN-CLOSE-OBSTRUCTION,2026-10-29T00:53:19Z,rules-engine match,,2026-10-29T00:53:19Z
SFL-0062979-01,INT-0062979,SCN-COMPLAINT-NO-DISPOSITION,2026-11-11T20:54:23Z,rules-engine match,,2026-11-11T20:54:23Z
SFL-0063001-01,INT-0063001,SCN-HARDSHIP-SALE,2026-10-06T23:06:06Z,rules-engine match,,2026-10-06T23:06:06Z
SFL-0063042-01,INT-0063042,SCN-POSTCALL-ENROLL,2026-10-06T01:19:06Z,rules-engine match,,2026-10-06T01:19:06Z
SFL-0063118-01,INT-0063118,SCN-FAST-DISCLOSURE,2026-09-29T13:34:24Z,rules-engine match,,2026-09-29T13:34:24Z
SFL-0063160-01,INT-0063160,SCN-TOPDECILE-ADDON-TEAMFLAG,2026-09-19T21:32:20Z,rules-engine match,,2026-09-19T21:32:20Z
SFL-0063194-01,INT-0063194,SCN-RECORDING-GAP-SALE,2026-10-23T17:34:23Z,rules-engine match,,2026-10-23T17:34:23Z
SFL-0063514-01,INT-0063514,SCN-CONSENT-NEG-ENROLL,2026-09-01T14:50:25Z,rules-engine match,,2026-09-01T14:50:25Z
SFL-0063657-01,INT-0063657,SCN-OUTBOUND-SALE,2026-11-09T15:05:21Z,rules-engine match,,2026-11-09T15:05:21Z
SFL-0063708-01,INT-0063708,SCN-CREDIT-ASSURANCE,2026-09-14T02:05:06Z,rules-engine match,,2026-09-14T02:05:06Z
SFL-0063797-01,INT-0063797,SCN-WAIVER-ENROLL-60S,2026-09-23T15:40:24Z,rules-engine match,,2026-09-23T15:40:24Z
SFL-0063888-01,INT-0063888,SCN-NO-FEE-DISCLOSED,2026-09-20T19:19:26Z,rules-engine match,,2026-09-20T19:19:26Z
SFL-0064091-01,INT-0064091,SCN-NO-INTEREST-FRAMING,2026-09-29T18:37:06Z,rules-engine match,,2026-09-29T18:37:06Z
SFL-0064163-01,INT-0064163,SCN-PREAPPROVED,2026-10-25T19:59:06Z,rules-engine match,,2026-10-25T19:59:06Z
SFL-0064181-01,INT-0064181,SCN-PREAPPROVED,2026-09-27T21:39:06Z,rules-engine match,,2026-09-27T21:39:06Z
SFL-0064181-02,INT-0064181,SCN-FAST-DISCLOSURE,2026-09-27T21:40:06Z,second independent rule match,,2026-09-27T21:40:06Z
SFL-0064435-01,INT-0064435,SCN-CLOSE-OBSTRUCTION,2026-09-25T17:02:24Z,rules-engine match,,2026-09-25T17:02:24Z
SFL-0064470-01,INT-0064470,SCN-COMPLAINT-NO-DISPOSITION,2026-11-08T00:58:06Z,rules-engine match,,2026-11-08T00:58:06Z
SFL-0064502-01,INT-0064502,SCN-HARDSHIP-SALE,2026-10-13T19:47:06Z,rules-engine match,,2026-10-13T19:47:06Z
SFL-0064633-01,INT-0064633,SCN-POSTCALL-ENROLL,2026-10-01T14:44:21Z,rules-engine match,,2026-10-01T14:44:21Z
SFL-0064691-01,INT-0064691,SCN-FAST-DISCLOSURE,2026-10-17T23:40:23Z,rules-engine match,,2026-10-17T23:40:23Z
SFL-0064932-01,INT-0064932,SCN-TOPDECILE-ADDON-TEAMFLAG,2026-10-07T22:17:06Z,rules-engine match,,2026-10-07T22:17:06Z
SFL-0065116-01,INT-0065116,SCN-RECORDING-GAP-SALE,2026-10-11T18:34:25Z,rules-engine match,,2026-10-11T18:34:25Z
SFL-0065364-01,INT-0065364,SCN-CONSENT-NEG-ENROLL,2026-09-10T20:41:23Z,rules-engine match,,2026-09-10T20:41:23Z
SFL-0065381-01,INT-0065381,SCN-OUTBOUND-SALE,2026-11-10T15:52:23Z,rules-engine match,,2026-11-10T15:52:23Z
SFL-0065399-01,INT-0065399,SCN-CREDIT-ASSURANCE,2026-10-13T14:56:23Z,rules-engine match,,2026-10-13T14:56:23Z
SFL-0065413-01,INT-0065413,SCN-WAIVER-ENROLL-60S,2026-09-15T18:51:06Z,rules-engine match,,2026-09-15T18:51:06Z
SFL-0065506-01,INT-0065506,SCN-NO-FEE-DISCLOSED,2026-11-10T20:02:25Z,rules-engine match,,2026-11-10T20:02:25Z
SFL-0065638-01,INT-0065638,SCN-NO-INTEREST-FRAMING,2026-08-30T17:52:19Z,rules-engine match,,2026-08-30T17:52:19Z
SFL-0065799-01,INT-0065799,SCN-PREAPPROVED,2026-11-02T22:24:23Z,rules-engine match,,2026-11-02T22:24:23Z
SFL-0065906-01,INT-0065906,SCN-CLOSE-OBSTRUCTION,2026-09-03T18:12:23Z,rules-engine match,,2026-09-03T18:12:23Z
SFL-0065973-01,INT-0065973,SCN-COMPLAINT-NO-DISPOSITION,2026-10-05T20:16:22Z,rules-engine match,,2026-10-05T20:16:22Z
SFL-0066031-01,INT-0066031,SCN-HARDSHIP-SALE,2026-09-09T01:07:24Z,rules-engine match,,2026-09-09T01:07:24Z
SFL-0066079-01,INT-0066079,SCN-POSTCALL-ENROLL,2026-09-14T23:28:06Z,rules-engine match,,2026-09-14T23:28:06Z
SFL-0066789-01,INT-0066789,SCN-FAST-DISCLOSURE,2026-09-22T18:41:23Z,rules-engine match,,2026-09-22T18:41:23Z
SFL-0066861-01,INT-0066861,SCN-TOPDECILE-ADDON-TEAMFLAG,2026-09-23T16:19:06Z,rules-engine match,,2026-09-23T16:19:06Z
SFL-0066923-01,INT-0066923,SCN-RECORDING-GAP-SALE,2026-08-26T16:08:23Z,rules-engine match,,2026-08-26T16:08:23Z
SFL-0067842-01,INT-0067842,SCN-CONSENT-NEG-ENROLL,2026-09-28T23:59:22Z,rules-engine match,,2026-09-28T23:59:22Z
SFL-0068035-01,INT-0068035,SCN-OUTBOUND-SALE,2026-11-03T21:35:23Z,rules-engine match,,2026-11-03T21:35:23Z
SFL-0068410-01,INT-0068410,SCN-CREDIT-ASSURANCE,2026-09-24T15:27:23Z,rules-engine match,,2026-09-24T15:27:23Z
SFL-0068467-01,INT-0068467,SCN-WAIVER-ENROLL-60S,2026-08-19T17:27:25Z,rules-engine match,,2026-08-19T17:27:25Z
SFL-0068497-01,INT-0068497,SCN-NO-FEE-DISCLOSED,2026-10-16T19:29:23Z,rules-engine match,,2026-10-16T19:29:23Z
SFL-0068517-01,INT-0068517,SCN-NO-INTEREST-FRAMING,2026-10-16T19:32:06Z,rules-engine match,,2026-10-16T19:32:06Z
SFL-0068564-01,INT-0068564,SCN-PREAPPROVED,2026-08-22T16:48:24Z,rules-engine match,,2026-08-22T16:48:24Z
SFL-0068965-01,INT-0068965,SCN-CLOSE-OBSTRUCTION,2026-11-14T01:28:24Z,rules-engine match,,2026-11-14T01:28:24Z
SFL-0069003-01,INT-0069003,SCN-COMPLAINT-NO-DISPOSITION,2026-10-04T13:08:06Z,rules-engine match,,2026-10-04T13:08:06Z
SFL-0069226-01,INT-0069226,SCN-HARDSHIP-SALE,2026-09-06T17:12:06Z,rules-engine match,,2026-09-06T17:12:06Z
SFL-0069285-01,INT-0069285,SCN-POSTCALL-ENROLL,2026-10-17T18:16:22Z,rules-engine match,,2026-10-17T18:16:22Z
SFL-0069972-01,INT-0069972,SCN-TOPDECILE-ADDON-TEAMFLAG,2026-09-01T13:26:24Z,rules-engine match,,2026-09-01T13:26:24Z
SFL-0069972-02,INT-0069972,SCN-WAIVER-ENROLL-60S,2026-09-01T13:27:24Z,second independent rule match,,2026-09-01T13:27:24Z
SFL-0072122-01,INT-0072122,SCN-TOPDECILE-ADDON-TEAMFLAG,2026-09-23T17:07:06Z,rules-engine match,,2026-09-23T17:07:06Z
SFL-0072122-02,INT-0072122,SCN-WAIVER-ENROLL-60S,2026-09-23T17:08:06Z,second independent rule match,,2026-09-23T17:08:06Z
SFL-0075185-01,INT-0075185,SCN-NO-INTEREST-FRAMING,2026-08-20T13:14:23Z,rules-engine match,,2026-08-20T13:14:23Z
SFL-0075185-02,INT-0075185,SCN-POSTCALL-ENROLL,2026-08-20T13:15:23Z,second independent rule match,,2026-08-20T13:15:23Z
SFL-0080320-01,INT-0080320,SCN-PREAPPROVED,2026-09-06T16:33:22Z,rules-engine match,,2026-09-06T16:33:22Z
SFL-0080320-02,INT-0080320,SCN-FAST-DISCLOSURE,2026-09-06T16:34:22Z,second independent rule match,,2026-09-06T16:34:22Z
SFL-0089616-01,INT-0089616,SCN-COMPLAINT-NO-DISPOSITION,2026-09-21T18:18:24Z,rules-engine match,,2026-09-21T18:18:24Z
SFL-0089616-02,INT-0089616,SCN-RECORDING-GAP-SALE,2026-09-21T18:19:24Z,second independent rule match,,2026-09-21T18:19:24Z
SFL-0093703-01,INT-0093703,SCN-NO-INTEREST-FRAMING,2026-09-18T15:24:06Z,rules-engine match,,2026-09-18T15:24:06Z
SFL-0093703-02,INT-0093703,SCN-POSTCALL-ENROLL,2026-09-18T15:25:06Z,second independent rule match,,2026-09-18T15:25:06Z
SFL-0095022-01,INT-0095022,SCN-FAST-DISCLOSURE,2026-11-01T23:25:21Z,rules-engine match,,2026-11-01T23:25:21Z
SFL-0095022-02,INT-0095022,SCN-CREDIT-ASSURANCE,2026-11-01T23:26:21Z,second independent rule match,,2026-11-01T23:26:21Z
SFL-0100537-01,INT-0100537,SCN-WAIVER-ENROLL-60S,2026-09-11T14:28:23Z,rules-engine match,,2026-09-11T14:28:23Z
SFL-0100537-02,INT-0100537,SCN-COMPLAINT-NO-DISPOSITION,2026-09-11T14:29:23Z,second independent rule match,,2026-09-11T14:29:23Z
SFL-0104176-01,INT-0104176,SCN-OUTBOUND-SALE,2026-09-17T18:46:24Z,rules-engine match,,2026-09-17T18:46:24Z
SFL-0104176-02,INT-0104176,SCN-PREAPPROVED,2026-09-17T18:47:24Z,second independent rule match,,2026-09-17T18:47:24Z
SFL-0105952-01,INT-0105952,SCN-HARDSHIP-SALE,2026-08-22T21:36:22Z,rules-engine match,,2026-08-22T21:36:22Z
SFL-0105952-02,INT-0105952,SCN-CONSENT-NEG-ENROLL,2026-08-22T21:37:22Z,second independent rule match,,2026-08-22T21:37:22Z
SFL-0108703-01,INT-0108703,SCN-NO-INTEREST-FRAMING,2026-10-25T18:32:23Z,rules-engine match,,2026-10-25T18:32:23Z
SFL-0108703-02,INT-0108703,SCN-POSTCALL-ENROLL,2026-10-25T18:33:23Z,second independent rule match,,2026-10-25T18:33:23Z
SFL-0110242-01,INT-0110242,SCN-HARDSHIP-SALE,2026-09-21T19:09:06Z,rules-engine match,,2026-09-21T19:09:06Z
SFL-0110242-02,INT-0110242,SCN-CONSENT-NEG-ENROLL,2026-09-21T19:10:06Z,second independent rule match,,2026-09-21T19:10:06Z
SFL-0112564-01,INT-0112564,SCN-OUTBOUND-SALE,2026-09-03T15:39:06Z,rules-engine match,,2026-09-03T15:39:06Z
SFL-0112564-02,INT-0112564,SCN-PREAPPROVED,2026-09-03T15:40:06Z,second independent rule match,,2026-09-03T15:40:06Z
SFL-0113050-01,INT-0113050,SCN-CLOSE-OBSTRUCTION,2026-09-06T17:24:06Z,rules-engine match,,2026-09-06T17:24:06Z
SFL-0113050-02,INT-0113050,SCN-TOPDECILE-ADDON-TEAMFLAG,2026-09-06T17:25:06Z,second independent rule match,,2026-09-06T17:25:06Z
SFL-0117883-01,INT-0117883,SCN-TOPDECILE-ADDON-TEAMFLAG,2026-11-09T18:55:23Z,rules-engine match,,2026-11-09T18:55:23Z
SFL-0117883-02,INT-0117883,SCN-WAIVER-ENROLL-60S,2026-11-09T18:56:23Z,second independent rule match,,2026-11-09T18:56:23Z
SFL-0118042-01,INT-0118042,SCN-NO-INTEREST-FRAMING,2026-11-04T17:49:06Z,rules-engine match,,2026-11-04T17:49:06Z
SFL-0118042-02,INT-0118042,SCN-POSTCALL-ENROLL,2026-11-04T17:50:06Z,second independent rule match,,2026-11-04T17:50:06Z
SFL-0121573-01,INT-0121573,SCN-POSTCALL-ENROLL,2026-09-07T23:20:25Z,rules-engine match,,2026-09-07T23:20:25Z
SFL-0121573-02,INT-0121573,SCN-OUTBOUND-SALE,2026-09-07T23:21:25Z,second independent rule match,,2026-09-07T23:21:25Z
SFL-0128265-01,INT-0128265,SCN-NO-FEE-DISCLOSED,2026-08-29T16:05:23Z,rules-engine match,,2026-08-29T16:05:23Z
SFL-0128265-02,INT-0128265,SCN-HARDSHIP-SALE,2026-08-29T16:06:23Z,second independent rule match,,2026-08-29T16:06:23Z
SFL-0140886-01,INT-0140886,SCN-CREDIT-ASSURANCE,2026-09-17T22:22:25Z,rules-engine match,,2026-09-17T22:22:25Z
SFL-0140886-02,INT-0140886,SCN-CLOSE-OBSTRUCTION,2026-09-17T22:23:25Z,second independent rule match,,2026-09-17T22:23:25Z
SFL-0153862-01,INT-0153862,SCN-RECORDING-GAP-SALE,2026-11-02T23:12:23Z,rules-engine match,,2026-11-02T23:12:23Z
SFL-0153862-02,INT-0153862,SCN-NO-FEE-DISCLOSED,2026-11-02T23:13:23Z,second independent rule match,,2026-11-02T23:13:23Z
SFL-0153961-01,INT-0153961,SCN-TOPDECILE-ADDON-TEAMFLAG,2026-11-01T23:01:21Z,rules-engine match,,2026-11-01T23:01:21Z
SFL-0153961-02,INT-0153961,SCN-WAIVER-ENROLL-60S,2026-11-01T23:02:21Z,second independent rule match,,2026-11-01T23:02:21Z
SFL-0159996-01,INT-0159996,SCN-CREDIT-ASSURANCE,2026-10-23T23:46:24Z,rules-engine match,,2026-10-23T23:46:24Z
SFL-0159996-02,INT-0159996,SCN-CLOSE-OBSTRUCTION,2026-10-23T23:47:24Z,second independent rule match,,2026-10-23T23:47:24Z
SFL-0160205-01,INT-0160205,SCN-CLOSE-OBSTRUCTION,2026-10-06T21:54:06Z,rules-engine match,,2026-10-06T21:54:06Z
SFL-0160205-02,INT-0160205,SCN-TOPDECILE-ADDON-TEAMFLAG,2026-10-06T21:55:06Z,second independent rule match,,2026-10-06T21:55:06Z
SFL-0163397-01,INT-0163397,SCN-CLOSE-OBSTRUCTION,2026-11-05T21:09:21Z,rules-engine match,,2026-11-05T21:09:21Z
SFL-0163397-02,INT-0163397,SCN-TOPDECILE-ADDON-TEAMFLAG,2026-11-05T21:10:21Z,second independent rule match,,2026-11-05T21:10:21Z
SFL-0165026-01,INT-0165026,SCN-CONSENT-NEG-ENROLL,2026-11-10T17:40:06Z,rules-engine match,,2026-11-10T17:40:06Z
SFL-0165026-02,INT-0165026,SCN-NO-INTEREST-FRAMING,2026-11-10T17:41:06Z,second independent rule match,,2026-11-10T17:41:06Z
SFL-0166165-01,INT-0166165,SCN-POSTCALL-ENROLL,2026-08-23T19:11:23Z,rules-engine match,,2026-08-23T19:11:23Z
SFL-0166165-02,INT-0166165,SCN-OUTBOUND-SALE,2026-08-23T19:12:23Z,second independent rule match,,2026-08-23T19:12:23Z
SFL-0193412-01,INT-0193412,SCN-NO-FEE-DISCLOSED,2026-11-11T20:19:18Z,rules-engine match,,2026-11-11T20:19:18Z
SFL-0193412-02,INT-0193412,SCN-HARDSHIP-SALE,2026-11-11T20:20:18Z,second independent rule match,,2026-11-11T20:20:18Z
SFL-0194614-01,INT-0194614,SCN-RECORDING-GAP-SALE,2026-11-09T19:40:20Z,rules-engine match,,2026-11-09T19:40:20Z
SFL-0194614-02,INT-0194614,SCN-NO-FEE-DISCLOSED,2026-11-09T19:41:20Z,second independent rule match,,2026-11-09T19:41:20Z
SFL-0197901-01,INT-0197901,SCN-CREDIT-ASSURANCE,2026-09-25T01:06:06Z,rules-engine match,,2026-09-25T01:06:06Z
SFL-0197901-02,INT-0197901,SCN-CLOSE-OBSTRUCTION,2026-09-25T01:07:06Z,second independent rule match,,2026-09-25T01:07:06Z
SFL-0199512-01,INT-0199512,SCN-NO-FEE-DISCLOSED,2026-10-05T20:28:22Z,rules-engine match,,2026-10-05T20:28:22Z
SFL-0199512-02,INT-0199512,SCN-HARDSHIP-SALE,2026-10-05T20:29:22Z,second independent rule match,,2026-10-05T20:29:22Z
SFL-0202333-01,INT-0202333,SCN-FAST-DISCLOSURE,2026-08-23T16:38:06Z,rules-engine match,,2026-08-23T16:38:06Z
SFL-0202333-02,INT-0202333,SCN-CREDIT-ASSURANCE,2026-08-23T16:39:06Z,second independent rule match,,2026-08-23T16:39:06Z
SFL-0211894-01,INT-0211894,SCN-TOPDECILE-ADDON-TEAMFLAG,2026-09-15T21:48:22Z,rules-engine match,,2026-09-15T21:48:22Z
SFL-0211894-02,INT-0211894,SCN-WAIVER-ENROLL-60S,2026-09-15T21:49:22Z,second independent rule match,,2026-09-15T21:49:22Z
SFL-0221263-01,INT-0221263,SCN-RECORDING-GAP-SALE,2026-09-08T22:19:21Z,rules-engine match,,2026-09-08T22:19:21Z
SFL-0221263-02,INT-0221263,SCN-NO-FEE-DISCLOSED,2026-09-08T22:20:21Z,second independent rule match,,2026-09-08T22:20:21Z
SFL-0231287-01,INT-0231287,SCN-OUTBOUND-SALE,2026-11-10T17:22:22Z,rules-engine match,,2026-11-10T17:22:22Z
SFL-0231287-02,INT-0231287,SCN-PREAPPROVED,2026-11-10T17:23:22Z,second independent rule match,,2026-11-10T17:23:22Z
SFL-0235518-01,INT-0235518,SCN-WAIVER-ENROLL-60S,2026-09-25T23:05:06Z,rules-engine match,,2026-09-25T23:05:06Z
SFL-0235518-02,INT-0235518,SCN-COMPLAINT-NO-DISPOSITION,2026-09-25T23:06:06Z,second independent rule match,,2026-09-25T23:06:06Z
SFL-0242009-01,INT-0242009,SCN-POSTCALL-ENROLL,2026-09-30T16:12:06Z,rules-engine match,,2026-09-30T16:12:06Z
SFL-0242009-02,INT-0242009,SCN-OUTBOUND-SALE,2026-09-30T16:13:06Z,second independent rule match,,2026-09-30T16:13:06Z
SFL-0246461-01,INT-0246461,SCN-NO-INTEREST-FRAMING,2026-10-20T22:13:21Z,rules-engine match,,2026-10-20T22:13:21Z
SFL-0246461-02,INT-0246461,SCN-POSTCALL-ENROLL,2026-10-20T22:14:21Z,second independent rule match,,2026-10-20T22:14:21Z
SFL-0251120-01,INT-0251120,SCN-NO-INTEREST-FRAMING,2026-10-05T16:19:06Z,rules-engine match,,2026-10-05T16:19:06Z
SFL-0251120-02,INT-0251120,SCN-POSTCALL-ENROLL,2026-10-05T16:20:06Z,second independent rule match,,2026-10-05T16:20:06Z
SFL-0262698-01,INT-0262698,SCN-CLOSE-OBSTRUCTION,2026-09-27T16:03:06Z,rules-engine match,,2026-09-27T16:03:06Z
SFL-0262698-02,INT-0262698,SCN-TOPDECILE-ADDON-TEAMFLAG,2026-09-27T16:04:06Z,second independent rule match,,2026-09-27T16:04:06Z
SFL-0263432-01,INT-0263432,SCN-PREAPPROVED,2026-10-20T20:25:22Z,rules-engine match,,2026-10-20T20:25:22Z
SFL-0263432-02,INT-0263432,SCN-FAST-DISCLOSURE,2026-10-20T20:26:22Z,second independent rule match,,2026-10-20T20:26:22Z
SFL-0268085-01,INT-0268085,SCN-COMPLAINT-NO-DISPOSITION,2026-08-30T16:40:21Z,rules-engine match,,2026-08-30T16:40:21Z
SFL-0268085-02,INT-0268085,SCN-RECORDING-GAP-SALE,2026-08-30T16:41:21Z,second independent rule match,,2026-08-30T16:41:21Z
SFL-0272324-01,INT-0272324,SCN-COMPLAINT-NO-DISPOSITION,2026-11-13T22:18:22Z,rules-engine match,,2026-11-13T22:18:22Z
SFL-0272324-02,INT-0272324,SCN-RECORDING-GAP-SALE,2026-11-13T22:19:22Z,second independent rule match,,2026-11-13T22:19:22Z
SFL-0278632-01,INT-0278632,SCN-RECORDING-GAP-SALE,2026-10-16T21:32:06Z,rules-engine match,,2026-10-16T21:32:06Z
SFL-0278632-02,INT-0278632,SCN-NO-FEE-DISCLOSED,2026-10-16T21:33:06Z,second independent rule match,,2026-10-16T21:33:06Z
SFL-0280890-01,INT-0280890,SCN-NO-FEE-DISCLOSED,2026-09-11T19:07:06Z,rules-engine match,,2026-09-11T19:07:06Z
SFL-0280890-02,INT-0280890,SCN-HARDSHIP-SALE,2026-09-11T19:08:06Z,second independent rule match,,2026-09-11T19:08:06Z
SFL-0281032-01,INT-0281032,SCN-POSTCALL-ENROLL,2026-11-07T22:07:23Z,rules-engine match,,2026-11-07T22:07:23Z
SFL-0281032-02,INT-0281032,SCN-OUTBOUND-SALE,2026-11-07T22:08:23Z,second independent rule match,,2026-11-07T22:08:23Z
SFL-0282138-01,INT-0282138,SCN-FAST-DISCLOSURE,2026-09-07T01:45:19Z,rules-engine match,,2026-09-07T01:45:19Z
SFL-0282138-02,INT-0282138,SCN-CREDIT-ASSURANCE,2026-09-07T01:46:19Z,second independent rule match,,2026-09-07T01:46:19Z
SFL-0289716-01,INT-0289716,SCN-OUTBOUND-SALE,2026-10-17T14:04:22Z,rules-engine match,,2026-10-17T14:04:22Z
SFL-0289716-02,INT-0289716,SCN-PREAPPROVED,2026-10-17T14:05:22Z,second independent rule match,,2026-10-17T14:05:22Z
SFL-0292616-01,INT-0292616,SCN-RECORDING-GAP-SALE,2026-09-16T21:11:22Z,rules-engine match,,2026-09-16T21:11:22Z
SFL-0292616-02,INT-0292616,SCN-NO-FEE-DISCLOSED,2026-09-16T21:12:22Z,second independent rule match,,2026-09-16T21:12:22Z
SFL-0297127-01,INT-0297127,SCN-WAIVER-ENROLL-60S,2026-11-03T16:11:24Z,rules-engine match,,2026-11-03T16:11:24Z
SFL-0297127-02,INT-0297127,SCN-COMPLAINT-NO-DISPOSITION,2026-11-03T16:12:24Z,second independent rule match,,2026-11-03T16:12:24Z
SFL-0299414-01,INT-0299414,SCN-NO-INTEREST-FRAMING,2026-10-12T22:33:24Z,rules-engine match,,2026-10-12T22:33:24Z
SFL-0299414-02,INT-0299414,SCN-POSTCALL-ENROLL,2026-10-12T22:34:24Z,second independent rule match,,2026-10-12T22:34:24Z
SFL-0305456-01,INT-0305456,SCN-CREDIT-ASSURANCE,2026-09-03T21:36:20Z,rules-engine match,,2026-09-03T21:36:20Z
SFL-0305456-02,INT-0305456,SCN-CLOSE-OBSTRUCTION,2026-09-03T21:37:20Z,second independent rule match,,2026-09-03T21:37:20Z
SFL-0308564-01,INT-0308564,SCN-HARDSHIP-SALE,2026-10-21T21:51:06Z,rules-engine match,,2026-10-21T21:51:06Z
SFL-0308564-02,INT-0308564,SCN-CONSENT-NEG-ENROLL,2026-10-21T21:52:06Z,second independent rule match,,2026-10-21T21:52:06Z
SFL-0326486-01,INT-0326486,SCN-COMPLAINT-NO-DISPOSITION,2026-10-28T01:42:24Z,rules-engine match,,2026-10-28T01:42:24Z
SFL-0326486-02,INT-0326486,SCN-RECORDING-GAP-SALE,2026-10-28T01:43:24Z,second independent rule match,,2026-10-28T01:43:24Z
SFL-0326627-01,INT-0326627,SCN-NO-INTEREST-FRAMING,2026-09-11T18:28:20Z,rules-engine match,,2026-09-11T18:28:20Z
SFL-0326627-02,INT-0326627,SCN-POSTCALL-ENROLL,2026-09-11T18:29:20Z,second independent rule match,,2026-09-11T18:29:20Z
SFL-0329226-01,INT-0329226,SCN-NO-FEE-DISCLOSED,2026-10-11T17:58:20Z,rules-engine match,,2026-10-11T17:58:20Z
SFL-0329226-02,INT-0329226,SCN-HARDSHIP-SALE,2026-10-11T17:59:20Z,second independent rule match,,2026-10-11T17:59:20Z
SFL-0335474-01,INT-0335474,SCN-NO-INTEREST-FRAMING,2026-08-29T21:17:22Z,rules-engine match,,2026-08-29T21:17:22Z
SFL-0335474-02,INT-0335474,SCN-POSTCALL-ENROLL,2026-08-29T21:18:22Z,second independent rule match,,2026-08-29T21:18:22Z
SFL-0349417-01,INT-0349417,SCN-CLOSE-OBSTRUCTION,2026-10-20T15:40:06Z,rules-engine match,,2026-10-20T15:40:06Z
SFL-0349417-02,INT-0349417,SCN-TOPDECILE-ADDON-TEAMFLAG,2026-10-20T15:41:06Z,second independent rule match,,2026-10-20T15:41:06Z
SFL-0363284-01,INT-0363284,SCN-CREDIT-ASSURANCE,2026-10-19T20:38:21Z,rules-engine match,,2026-10-19T20:38:21Z
SFL-0363284-02,INT-0363284,SCN-CLOSE-OBSTRUCTION,2026-10-19T20:39:21Z,second independent rule match,,2026-10-19T20:39:21Z
SFL-0364130-01,INT-0364130,SCN-CONSENT-NEG-ENROLL,2026-11-02T18:48:21Z,rules-engine match,,2026-11-02T18:48:21Z
SFL-0364130-02,INT-0364130,SCN-NO-INTEREST-FRAMING,2026-11-02T18:49:21Z,second independent rule match,,2026-11-02T18:49:21Z
SFL-0365182-01,INT-0365182,SCN-HARDSHIP-SALE,2026-09-13T14:05:06Z,rules-engine match,,2026-09-13T14:05:06Z
SFL-0365182-02,INT-0365182,SCN-CONSENT-NEG-ENROLL,2026-09-13T14:06:06Z,second independent rule match,,2026-09-13T14:06:06Z
SFL-0366936-01,INT-0366936,SCN-RECORDING-GAP-SALE,2026-09-01T17:50:23Z,rules-engine match,,2026-09-01T17:50:23Z
SFL-0366936-02,INT-0366936,SCN-NO-FEE-DISCLOSED,2026-09-01T17:51:23Z,second independent rule match,,2026-09-01T17:51:23Z
SFL-0368936-01,INT-0368936,SCN-NO-FEE-DISCLOSED,2026-09-25T18:53:06Z,rules-engine match,,2026-09-25T18:53:06Z
SFL-0368936-02,INT-0368936,SCN-HARDSHIP-SALE,2026-09-25T18:54:06Z,second independent rule match,,2026-09-25T18:54:06Z
SFL-0378727-01,INT-0378727,SCN-FAST-DISCLOSURE,2026-10-08T22:28:06Z,rules-engine match,,2026-10-08T22:28:06Z
SFL-0378727-02,INT-0378727,SCN-CREDIT-ASSURANCE,2026-10-08T22:29:06Z,second independent rule match,,2026-10-08T22:29:06Z
SFL-0381430-01,INT-0381430,SCN-PREAPPROVED,2026-09-11T15:28:24Z,rules-engine match,,2026-09-11T15:28:24Z
SFL-0381430-02,INT-0381430,SCN-FAST-DISCLOSURE,2026-09-11T15:29:24Z,second independent rule match,,2026-09-11T15:29:24Z
SFL-0382964-01,INT-0382964,SCN-POSTCALL-ENROLL,2026-08-31T21:39:21Z,rules-engine match,,2026-08-31T21:39:21Z
SFL-0382964-02,INT-0382964,SCN-OUTBOUND-SALE,2026-08-31T21:40:21Z,second independent rule match,,2026-08-31T21:40:21Z
SFL-0389052-01,INT-0389052,SCN-NO-FEE-DISCLOSED,2026-11-03T14:38:06Z,rules-engine match,,2026-11-03T14:38:06Z
SFL-0389052-02,INT-0389052,SCN-HARDSHIP-SALE,2026-11-03T14:39:06Z,second independent rule match,,2026-11-03T14:39:06Z
SFL-0390798-01,INT-0390798,SCN-RECORDING-GAP-SALE,2026-10-22T21:35:21Z,rules-engine match,,2026-10-22T21:35:21Z
SFL-0390798-02,INT-0390798,SCN-NO-FEE-DISCLOSED,2026-10-22T21:36:21Z,second independent rule match,,2026-10-22T21:36:21Z
SFL-0394465-01,INT-0394465,SCN-COMPLAINT-NO-DISPOSITION,2026-11-06T16:11:06Z,rules-engine match,,2026-11-06T16:11:06Z
SFL-0394465-02,INT-0394465,SCN-RECORDING-GAP-SALE,2026-11-06T16:12:06Z,second independent rule match,,2026-11-06T16:12:06Z
SFL-0396371-01,INT-0396371,SCN-FAST-DISCLOSURE,2026-10-15T22:54:26Z,rules-engine match,,2026-10-15T22:54:26Z
SFL-0396371-02,INT-0396371,SCN-CREDIT-ASSURANCE,2026-10-15T22:55:26Z,second independent rule match,,2026-10-15T22:55:26Z
SFL-0421001-01,INT-0421001,SCN-WAIVER-ENROLL-60S,2026-09-04T17:05:11Z,rules-engine match,,2026-09-04T17:05:11Z
SFL-0421001-02,INT-0421001,SCN-COMPLAINT-NO-DISPOSITION,2026-09-04T17:06:11Z,second independent rule match,,2026-09-04T17:06:11Z
SFL-0421002-01,INT-0421002,SCN-TOPDECILE-ADDON-TEAMFLAG,2026-09-07T17:05:11Z,rules-engine match,,2026-09-07T17:05:11Z
SFL-0421002-02,INT-0421002,SCN-WAIVER-ENROLL-60S,2026-09-07T17:06:11Z,second independent rule match,,2026-09-07T17:06:11Z
SFL-0421003-01,INT-0421003,SCN-CREDIT-ASSURANCE,2026-09-10T17:05:11Z,rules-engine match,,2026-09-10T17:05:11Z
SFL-0421003-02,INT-0421003,SCN-CLOSE-OBSTRUCTION,2026-09-10T17:06:11Z,second independent rule match,,2026-09-10T17:06:11Z
SFL-0421004-01,INT-0421004,SCN-POSTCALL-ENROLL,2026-09-13T17:05:11Z,rules-engine match,,2026-09-13T17:05:11Z
SFL-0421004-02,INT-0421004,SCN-OUTBOUND-SALE,2026-09-13T17:06:11Z,second independent rule match,,2026-09-13T17:06:11Z
SFL-0421005-01,INT-0421005,SCN-CONSENT-NEG-ENROLL,2026-09-16T17:05:11Z,rules-engine match,,2026-09-16T17:05:11Z
SFL-0421005-02,INT-0421005,SCN-NO-INTEREST-FRAMING,2026-09-16T17:06:11Z,second independent rule match,,2026-09-16T17:06:11Z
SFL-0421007-01,INT-0421007,SCN-POSTCALL-ENROLL,2026-09-22T17:05:11Z,rules-engine match,,2026-09-22T17:05:11Z
SFL-0421007-02,INT-0421007,SCN-OUTBOUND-SALE,2026-09-22T17:06:11Z,second independent rule match,,2026-09-22T17:06:11Z
SFL-0421009-01,INT-0421009,SCN-COMPLAINT-NO-DISPOSITION,2026-09-28T17:05:11Z,rules-engine match,,2026-09-28T17:05:11Z
SFL-0421009-02,INT-0421009,SCN-RECORDING-GAP-SALE,2026-09-28T17:06:11Z,second independent rule match,,2026-09-28T17:06:11Z
SFL-0421010-01,INT-0421010,SCN-FAST-DISCLOSURE,2026-10-01T17:05:11Z,rules-engine match,,2026-10-01T17:05:11Z
SFL-0421010-02,INT-0421010,SCN-CREDIT-ASSURANCE,2026-10-01T17:06:11Z,second independent rule match,,2026-10-01T17:06:11Z
SFL-0421011-01,INT-0421011,SCN-WAIVER-ENROLL-60S,2026-10-04T17:05:11Z,rules-engine match,,2026-10-04T17:05:11Z
SFL-0421011-02,INT-0421011,SCN-COMPLAINT-NO-DISPOSITION,2026-10-04T17:06:11Z,second independent rule match,,2026-10-04T17:06:11Z
SFL-0421012-01,INT-0421012,SCN-HARDSHIP-SALE,2026-10-07T17:05:11Z,rules-engine match,,2026-10-07T17:05:11Z
SFL-0421012-02,INT-0421012,SCN-CONSENT-NEG-ENROLL,2026-10-07T17:06:11Z,second independent rule match,,2026-10-07T17:06:11Z
SFL-0421013-01,INT-0421013,SCN-WAIVER-ENROLL-60S,2026-10-10T17:05:11Z,rules-engine match,,2026-10-10T17:05:11Z
SFL-0421013-02,INT-0421013,SCN-COMPLAINT-NO-DISPOSITION,2026-10-10T17:06:11Z,second independent rule match,,2026-10-10T17:06:11Z
SFL-0422118-01,INT-0422118,SCN-NO-FEE-DISCLOSED,2026-09-04T22:47:23Z,rules-engine match,,2026-09-04T22:47:23Z
SFL-0422118-02,INT-0422118,SCN-HARDSHIP-SALE,2026-09-04T22:48:23Z,second independent rule match,,2026-09-04T22:48:23Z
SFL-0426978-01,INT-0426978,SCN-HARDSHIP-SALE,2026-10-30T19:39:22Z,rules-engine match,,2026-10-30T19:39:22Z
SFL-0426978-02,INT-0426978,SCN-CONSENT-NEG-ENROLL,2026-10-30T19:40:22Z,second independent rule match,,2026-10-30T19:40:22Z
SFL-0429707-01,INT-0429707,SCN-COMPLAINT-NO-DISPOSITION,2026-09-06T21:09:21Z,rules-engine match,,2026-09-06T21:09:21Z
SFL-0429707-02,INT-0429707,SCN-RECORDING-GAP-SALE,2026-09-06T21:10:21Z,second independent rule match,,2026-09-06T21:10:21Z
SFL-0438206-01,INT-0438206,SCN-CREDIT-ASSURANCE,2026-11-10T18:12:18Z,rules-engine match,,2026-11-10T18:12:18Z
SFL-0438206-02,INT-0438206,SCN-CLOSE-OBSTRUCTION,2026-11-10T18:13:18Z,second independent rule match,,2026-11-10T18:13:18Z
SFL-0444145-01,INT-0444145,SCN-HARDSHIP-SALE,2026-11-06T19:11:06Z,rules-engine match,,2026-11-06T19:11:06Z
SFL-0444145-02,INT-0444145,SCN-CONSENT-NEG-ENROLL,2026-11-06T19:12:06Z,second independent rule match,,2026-11-06T19:12:06Z
SFL-0447150-01,INT-0447150,SCN-POSTCALL-ENROLL,2026-10-30T16:51:25Z,rules-engine match,,2026-10-30T16:51:25Z
SFL-0447150-02,INT-0447150,SCN-OUTBOUND-SALE,2026-10-30T16:52:25Z,second independent rule match,,2026-10-30T16:52:25Z
SFL-0450585-01,INT-0450585,SCN-FAST-DISCLOSURE,2026-11-08T20:18:22Z,rules-engine match,,2026-11-08T20:18:22Z
SFL-0450585-02,INT-0450585,SCN-CREDIT-ASSURANCE,2026-11-08T20:19:22Z,second independent rule match,,2026-11-08T20:19:22Z
SFL-0454160-01,INT-0454160,SCN-WAIVER-ENROLL-60S,2026-08-19T18:54:06Z,rules-engine match,,2026-08-19T18:54:06Z
SFL-0454160-02,INT-0454160,SCN-COMPLAINT-NO-DISPOSITION,2026-08-19T18:55:06Z,second independent rule match,,2026-08-19T18:55:06Z
SFL-0461268-01,INT-0461268,SCN-WAIVER-ENROLL-60S,2026-10-24T23:57:24Z,rules-engine match,,2026-10-24T23:57:24Z
SFL-0461268-02,INT-0461268,SCN-COMPLAINT-NO-DISPOSITION,2026-10-24T23:58:24Z,second independent rule match,,2026-10-24T23:58:24Z
SFL-0473490-01,INT-0473490,SCN-RECORDING-GAP-SALE,2026-09-23T21:52:20Z,rules-engine match,,2026-09-23T21:52:20Z
SFL-0473490-02,INT-0473490,SCN-NO-FEE-DISCLOSED,2026-09-23T21:53:20Z,second independent rule match,,2026-09-23T21:53:20Z
SFL-0494021-01,INT-0494021,SCN-WAIVER-ENROLL-60S,2026-09-17T14:46:19Z,rules-engine match,,2026-09-17T14:46:19Z
SFL-0494021-02,INT-0494021,SCN-COMPLAINT-NO-DISPOSITION,2026-09-17T14:47:19Z,second independent rule match,,2026-09-17T14:47:19Z
SFL-0497040-01,INT-0497040,SCN-NO-FEE-DISCLOSED,2026-09-17T18:10:21Z,rules-engine match,,2026-09-17T18:10:21Z
SFL-0497040-02,INT-0497040,SCN-HARDSHIP-SALE,2026-09-17T18:11:21Z,second independent rule match,,2026-09-17T18:11:21Z
SFL-0504871-01,INT-0504871,SCN-PREAPPROVED,2026-08-20T14:53:06Z,rules-engine match,,2026-08-20T14:53:06Z
SFL-0504871-02,INT-0504871,SCN-FAST-DISCLOSURE,2026-08-20T14:54:06Z,second independent rule match,,2026-08-20T14:54:06Z
SFL-0508073-01,INT-0508073,SCN-RECORDING-GAP-SALE,2026-10-09T17:00:22Z,rules-engine match,,2026-10-09T17:00:22Z
SFL-0508073-02,INT-0508073,SCN-NO-FEE-DISCLOSED,2026-10-09T17:01:22Z,second independent rule match,,2026-10-09T17:01:22Z
SFL-0509660-01,INT-0509660,SCN-CONSENT-NEG-ENROLL,2026-10-09T20:48:23Z,rules-engine match,,2026-10-09T20:48:23Z
SFL-0509660-02,INT-0509660,SCN-NO-INTEREST-FRAMING,2026-10-09T20:49:23Z,second independent rule match,,2026-10-09T20:49:23Z
SFL-0513097-01,INT-0513097,SCN-NO-INTEREST-FRAMING,2026-09-05T15:49:06Z,rules-engine match,,2026-09-05T15:49:06Z
SFL-0513097-02,INT-0513097,SCN-POSTCALL-ENROLL,2026-09-05T15:50:06Z,second independent rule match,,2026-09-05T15:50:06Z
SFL-0521894-01,INT-0521894,SCN-POSTCALL-ENROLL,2026-10-21T18:39:06Z,rules-engine match,,2026-10-21T18:39:06Z
SFL-0521894-02,INT-0521894,SCN-OUTBOUND-SALE,2026-10-21T18:40:06Z,second independent rule match,,2026-10-21T18:40:06Z
SFL-0522095-01,INT-0522095,SCN-CLOSE-OBSTRUCTION,2026-09-20T19:19:22Z,rules-engine match,,2026-09-20T19:19:22Z
SFL-0522095-02,INT-0522095,SCN-TOPDECILE-ADDON-TEAMFLAG,2026-09-20T19:20:22Z,second independent rule match,,2026-09-20T19:20:22Z
SFL-0523507-01,INT-0523507,SCN-OUTBOUND-SALE,2026-11-02T14:48:26Z,rules-engine match,,2026-11-02T14:48:26Z
SFL-0523507-02,INT-0523507,SCN-PREAPPROVED,2026-11-02T14:49:26Z,second independent rule match,,2026-11-02T14:49:26Z
SFL-0532384-01,INT-0532384,SCN-CLOSE-OBSTRUCTION,2026-11-12T23:06:21Z,rules-engine match,,2026-11-12T23:06:21Z
SFL-0532384-02,INT-0532384,SCN-TOPDECILE-ADDON-TEAMFLAG,2026-11-12T23:07:21Z,second independent rule match,,2026-11-12T23:07:21Z
SFL-0537001-01,INT-0537001,SCN-CREDIT-ASSURANCE,2026-08-18T00:29:23Z,rules-engine match,,2026-08-18T00:29:23Z
SFL-0537001-02,INT-0537001,SCN-CLOSE-OBSTRUCTION,2026-08-18T00:30:23Z,second independent rule match,,2026-08-18T00:30:23Z
SFL-0540075-01,INT-0540075,SCN-TOPDECILE-ADDON-TEAMFLAG,2026-10-08T17:04:06Z,rules-engine match,,2026-10-08T17:04:06Z
SFL-0540075-02,INT-0540075,SCN-WAIVER-ENROLL-60S,2026-10-08T17:05:06Z,second independent rule match,,2026-10-08T17:05:06Z
SFL-0543174-01,INT-0543174,SCN-HARDSHIP-SALE,2026-08-30T17:07:06Z,rules-engine match,,2026-08-30T17:07:06Z
SFL-0543174-02,INT-0543174,SCN-CONSENT-NEG-ENROLL,2026-08-30T17:08:06Z,second independent rule match,,2026-08-30T17:08:06Z
SFL-0555953-01,INT-0555953,SCN-OUTBOUND-SALE,2026-08-26T17:56:23Z,rules-engine match,,2026-08-26T17:56:23Z
SFL-0555953-02,INT-0555953,SCN-PREAPPROVED,2026-08-26T17:57:23Z,second independent rule match,,2026-08-26T17:57:23Z
SFL-0557798-01,INT-0557798,SCN-OUTBOUND-SALE,2026-10-03T21:21:06Z,rules-engine match,,2026-10-03T21:21:06Z
SFL-0557798-02,INT-0557798,SCN-PREAPPROVED,2026-10-03T21:22:06Z,second independent rule match,,2026-10-03T21:22:06Z
SFL-0558400-01,INT-0558400,SCN-COMPLAINT-NO-DISPOSITION,2026-10-20T16:16:06Z,rules-engine match,,2026-10-20T16:16:06Z
SFL-0558400-02,INT-0558400,SCN-RECORDING-GAP-SALE,2026-10-20T16:17:06Z,second independent rule match,,2026-10-20T16:17:06Z
SFL-0559101-01,INT-0559101,SCN-OUTBOUND-SALE,2026-10-09T01:40:06Z,rules-engine match,,2026-10-09T01:40:06Z
SFL-0559101-02,INT-0559101,SCN-PREAPPROVED,2026-10-09T01:41:06Z,second independent rule match,,2026-10-09T01:41:06Z
SFL-0560621-01,INT-0560621,SCN-CONSENT-NEG-ENROLL,2026-09-24T01:04:21Z,rules-engine match,,2026-09-24T01:04:21Z
SFL-0560621-02,INT-0560621,SCN-NO-INTEREST-FRAMING,2026-09-24T01:05:21Z,second independent rule match,,2026-09-24T01:05:21Z
SFL-0564920-01,INT-0564920,SCN-CONSENT-NEG-ENROLL,2026-09-09T16:54:24Z,rules-engine match,,2026-09-09T16:54:24Z
SFL-0564920-02,INT-0564920,SCN-NO-INTEREST-FRAMING,2026-09-09T16:55:24Z,second independent rule match,,2026-09-09T16:55:24Z
SFL-0567521-01,INT-0567521,SCN-PREAPPROVED,2026-08-29T15:05:22Z,rules-engine match,,2026-08-29T15:05:22Z
SFL-0567521-02,INT-0567521,SCN-FAST-DISCLOSURE,2026-08-29T15:06:22Z,second independent rule match,,2026-08-29T15:06:22Z
SFL-0569169-01,INT-0569169,SCN-CREDIT-ASSURANCE,2026-10-03T16:57:06Z,rules-engine match,,2026-10-03T16:57:06Z
SFL-0569169-02,INT-0569169,SCN-CLOSE-OBSTRUCTION,2026-10-03T16:58:06Z,second independent rule match,,2026-10-03T16:58:06Z
SFL-0572561-01,INT-0572561,SCN-PREAPPROVED,2026-11-04T20:46:19Z,rules-engine match,,2026-11-04T20:46:19Z
SFL-0572561-02,INT-0572561,SCN-FAST-DISCLOSURE,2026-11-04T20:47:19Z,second independent rule match,,2026-11-04T20:47:19Z
SFL-0576193-01,INT-0576193,SCN-CONSENT-NEG-ENROLL,2026-08-17T16:44:06Z,rules-engine match,,2026-08-17T16:44:06Z
SFL-0576193-02,INT-0576193,SCN-NO-INTEREST-FRAMING,2026-08-17T16:45:06Z,second independent rule match,,2026-08-17T16:45:06Z
SFL-0581908-01,INT-0581908,SCN-COMPLAINT-NO-DISPOSITION,2026-10-13T20:32:23Z,rules-engine match,,2026-10-13T20:32:23Z
SFL-0581908-02,INT-0581908,SCN-RECORDING-GAP-SALE,2026-10-13T20:33:23Z,second independent rule match,,2026-10-13T20:33:23Z
SFL-0588392-01,INT-0588392,SCN-HARDSHIP-SALE,2026-10-13T15:56:24Z,rules-engine match,,2026-10-13T15:56:24Z
SFL-0588392-02,INT-0588392,SCN-CONSENT-NEG-ENROLL,2026-10-13T15:57:24Z,second independent rule match,,2026-10-13T15:57:24Z
SFL-0595391-01,INT-0595391,SCN-RECORDING-GAP-SALE,2026-10-02T15:58:06Z,rules-engine match,,2026-10-02T15:58:06Z
SFL-0595391-02,INT-0595391,SCN-NO-FEE-DISCLOSED,2026-10-02T15:59:06Z,second independent rule match,,2026-10-02T15:59:06Z
SFL-0603055-01,INT-0603055,SCN-PREAPPROVED,2026-10-25T17:47:06Z,rules-engine match,,2026-10-25T17:47:06Z
SFL-0603055-02,INT-0603055,SCN-FAST-DISCLOSURE,2026-10-25T17:48:06Z,second independent rule match,,2026-10-25T17:48:06Z
SFL-0614027-01,INT-0614027,SCN-WAIVER-ENROLL-60S,2026-10-19T01:39:20Z,rules-engine match,,2026-10-19T01:39:20Z
SFL-0614027-02,INT-0614027,SCN-COMPLAINT-NO-DISPOSITION,2026-10-19T01:40:20Z,second independent rule match,,2026-10-19T01:40:20Z
SFL-0615907-01,INT-0615907,SCN-FAST-DISCLOSURE,2026-10-21T14:36:22Z,rules-engine match,,2026-10-21T14:36:22Z
SFL-0615907-02,INT-0615907,SCN-CREDIT-ASSURANCE,2026-10-21T14:37:22Z,second independent rule match,,2026-10-21T14:37:22Z
SFL-0617623-01,INT-0617623,SCN-CREDIT-ASSURANCE,2026-11-02T20:39:06Z,rules-engine match,,2026-11-02T20:39:06Z
SFL-0617623-02,INT-0617623,SCN-CLOSE-OBSTRUCTION,2026-11-02T20:40:06Z,second independent rule match,,2026-11-02T20:40:06Z
SFL-0640194-01,INT-0640194,SCN-CONSENT-NEG-ENROLL,2026-10-16T22:17:24Z,rules-engine match,,2026-10-16T22:17:24Z
SFL-0640194-02,INT-0640194,SCN-NO-INTEREST-FRAMING,2026-10-16T22:18:24Z,second independent rule match,,2026-10-16T22:18:24Z
SFL-0643318-01,INT-0643318,SCN-HARDSHIP-SALE,2026-09-06T18:33:24Z,rules-engine match,,2026-09-06T18:33:24Z
SFL-0643318-02,INT-0643318,SCN-CONSENT-NEG-ENROLL,2026-09-06T18:34:24Z,second independent rule match,,2026-09-06T18:34:24Z
SFL-0646393-01,INT-0646393,SCN-HARDSHIP-SALE,2026-09-29T18:25:06Z,rules-engine match,,2026-09-29T18:25:06Z
SFL-0646393-02,INT-0646393,SCN-CONSENT-NEG-ENROLL,2026-09-29T18:26:06Z,second independent rule match,,2026-09-29T18:26:06Z
SFL-0646435-01,INT-0646435,SCN-TOPDECILE-ADDON-TEAMFLAG,2026-10-21T19:48:21Z,rules-engine match,,2026-10-21T19:48:21Z
SFL-0646435-02,INT-0646435,SCN-WAIVER-ENROLL-60S,2026-10-21T19:49:21Z,second independent rule match,,2026-10-21T19:49:21Z
SFL-0655759-01,INT-0655759,SCN-PREAPPROVED,2026-10-12T14:21:23Z,rules-engine match,,2026-10-12T14:21:23Z
SFL-0655759-02,INT-0655759,SCN-FAST-DISCLOSURE,2026-10-12T14:22:23Z,second independent rule match,,2026-10-12T14:22:23Z
SFL-0684665-01,INT-0684665,SCN-CLOSE-OBSTRUCTION,2026-08-20T21:26:20Z,rules-engine match,,2026-08-20T21:26:20Z
SFL-0684665-02,INT-0684665,SCN-TOPDECILE-ADDON-TEAMFLAG,2026-08-20T21:27:20Z,second independent rule match,,2026-08-20T21:27:20Z
SFL-0688449-01,INT-0688449,SCN-NO-FEE-DISCLOSED,2026-10-24T15:09:23Z,rules-engine match,,2026-10-24T15:09:23Z
SFL-0688449-02,INT-0688449,SCN-HARDSHIP-SALE,2026-10-24T15:10:23Z,second independent rule match,,2026-10-24T15:10:23Z
SFL-0688946-01,INT-0688946,SCN-NO-INTEREST-FRAMING,2026-09-26T21:04:06Z,rules-engine match,,2026-09-26T21:04:06Z
SFL-0688946-02,INT-0688946,SCN-POSTCALL-ENROLL,2026-09-26T21:05:06Z,second independent rule match,,2026-09-26T21:05:06Z
SFL-0690353-01,INT-0690353,SCN-NO-INTEREST-FRAMING,2026-11-11T00:40:06Z,rules-engine match,,2026-11-11T00:40:06Z
SFL-0690353-02,INT-0690353,SCN-POSTCALL-ENROLL,2026-11-11T00:41:06Z,second independent rule match,,2026-11-11T00:41:06Z
SFL-0691793-01,INT-0691793,SCN-FAST-DISCLOSURE,2026-08-31T18:06:06Z,rules-engine match,,2026-08-31T18:06:06Z
SFL-0691793-02,INT-0691793,SCN-CREDIT-ASSURANCE,2026-08-31T18:07:06Z,second independent rule match,,2026-08-31T18:07:06Z
SFL-0717654-01,INT-0717654,SCN-PREAPPROVED,2026-11-11T23:02:06Z,rules-engine match,,2026-11-11T23:02:06Z
SFL-0717654-02,INT-0717654,SCN-FAST-DISCLOSURE,2026-11-11T23:03:06Z,second independent rule match,,2026-11-11T23:03:06Z
SFL-0719832-01,INT-0719832,SCN-OUTBOUND-SALE,2026-08-17T21:08:06Z,rules-engine match,,2026-08-17T21:08:06Z
SFL-0719832-02,INT-0719832,SCN-PREAPPROVED,2026-08-17T21:09:06Z,second independent rule match,,2026-08-17T21:09:06Z
SFL-0728391-01,INT-0728391,SCN-CONSENT-NEG-ENROLL,2026-10-02T23:43:21Z,rules-engine match,,2026-10-02T23:43:21Z
SFL-0728391-02,INT-0728391,SCN-NO-INTEREST-FRAMING,2026-10-02T23:44:21Z,second independent rule match,,2026-10-02T23:44:21Z
SFL-0739167-01,INT-0739167,SCN-CREDIT-ASSURANCE,2026-08-27T16:55:23Z,rules-engine match,,2026-08-27T16:55:23Z
SFL-0739167-02,INT-0739167,SCN-CLOSE-OBSTRUCTION,2026-08-27T16:56:23Z,second independent rule match,,2026-08-27T16:56:23Z
SFL-0743231-01,INT-0743231,SCN-CLOSE-OBSTRUCTION,2026-10-27T15:30:25Z,rules-engine match,,2026-10-27T15:30:25Z
SFL-0743231-02,INT-0743231,SCN-TOPDECILE-ADDON-TEAMFLAG,2026-10-27T15:31:25Z,second independent rule match,,2026-10-27T15:31:25Z
SFL-0799977-01,INT-0799977,SCN-FAST-DISCLOSURE,2026-09-22T16:17:24Z,rules-engine match,,2026-09-22T16:17:24Z
SFL-0799977-02,INT-0799977,SCN-CREDIT-ASSURANCE,2026-09-22T16:18:24Z,second independent rule match,,2026-09-22T16:18:24Z
SFL-0804934-01,INT-0804934,SCN-NO-FEE-DISCLOSED,2026-08-19T01:40:20Z,rules-engine match,,2026-08-19T01:40:20Z
SFL-0804934-02,INT-0804934,SCN-HARDSHIP-SALE,2026-08-19T01:41:20Z,second independent rule match,,2026-08-19T01:41:20Z
SFL-0849035-01,INT-0849035,SCN-CONSENT-NEG-ENROLL,2026-10-22T16:59:23Z,rules-engine match,,2026-10-22T16:59:23Z
SFL-0849035-02,INT-0849035,SCN-NO-INTEREST-FRAMING,2026-10-22T17:00:23Z,second independent rule match,,2026-10-22T17:00:23Z
SFL-0849316-01,INT-0849316,SCN-CONSENT-NEG-ENROLL,2026-08-25T18:57:22Z,rules-engine match,,2026-08-25T18:57:22Z
SFL-0849316-02,INT-0849316,SCN-NO-INTEREST-FRAMING,2026-08-25T18:58:22Z,second independent rule match,,2026-08-25T18:58:22Z
SFL-0859973-01,INT-0859973,SCN-WAIVER-ENROLL-60S,2026-11-10T16:27:24Z,rules-engine match,,2026-11-10T16:27:24Z
SFL-0859973-02,INT-0859973,SCN-COMPLAINT-NO-DISPOSITION,2026-11-10T16:28:24Z,second independent rule match,,2026-11-10T16:28:24Z
SFL-0861873-01,INT-0861873,SCN-CREDIT-ASSURANCE,2026-10-09T21:51:06Z,rules-engine match,,2026-10-09T21:51:06Z
SFL-0861873-02,INT-0861873,SCN-CLOSE-OBSTRUCTION,2026-10-09T21:52:06Z,second independent rule match,,2026-10-09T21:52:06Z
SFL-0864487-01,INT-0864487,SCN-TOPDECILE-ADDON-TEAMFLAG,2026-08-23T17:23:23Z,rules-engine match,,2026-08-23T17:23:23Z
SFL-0864487-02,INT-0864487,SCN-WAIVER-ENROLL-60S,2026-08-23T17:24:23Z,second independent rule match,,2026-08-23T17:24:23Z
SFL-0870866-01,INT-0870866,SCN-CLOSE-OBSTRUCTION,2026-10-12T18:48:06Z,rules-engine match,,2026-10-12T18:48:06Z
SFL-0870866-02,INT-0870866,SCN-TOPDECILE-ADDON-TEAMFLAG,2026-10-12T18:49:06Z,second independent rule match,,2026-10-12T18:49:06Z
SFL-0881894-01,INT-0881894,SCN-OUTBOUND-SALE,2026-10-22T14:35:23Z,rules-engine match,,2026-10-22T14:35:23Z
SFL-0881894-02,INT-0881894,SCN-PREAPPROVED,2026-10-22T14:36:23Z,second independent rule match,,2026-10-22T14:36:23Z
SFL-0881997-01,INT-0881997,SCN-COMPLAINT-NO-DISPOSITION,2026-10-06T02:07:06Z,rules-engine match,,2026-10-06T02:07:06Z
SFL-0881997-02,INT-0881997,SCN-RECORDING-GAP-SALE,2026-10-06T02:08:06Z,second independent rule match,,2026-10-06T02:08:06Z
SFL-0896734-01,INT-0896734,SCN-COMPLAINT-NO-DISPOSITION,2026-08-21T22:40:06Z,rules-engine match,,2026-08-21T22:40:06Z
SFL-0896734-02,INT-0896734,SCN-RECORDING-GAP-SALE,2026-08-21T22:41:06Z,second independent rule match,,2026-08-21T22:41:06Z
SFL-0918540-01,INT-0918540,SCN-TOPDECILE-ADDON-TEAMFLAG,2026-10-15T23:57:06Z,rules-engine match,,2026-10-15T23:57:06Z
SFL-0918540-02,INT-0918540,SCN-WAIVER-ENROLL-60S,2026-10-15T23:58:06Z,second independent rule match,,2026-10-15T23:58:06Z
SFL-0937442-01,INT-0937442,SCN-NO-FEE-DISCLOSED,2026-10-19T18:02:24Z,rules-engine match,,2026-10-19T18:02:24Z
SFL-0937442-02,INT-0937442,SCN-HARDSHIP-SALE,2026-10-19T18:03:24Z,second independent rule match,,2026-10-19T18:03:24Z
SFL-0951050-01,INT-0951050,SCN-CONSENT-NEG-ENROLL,2026-09-02T15:37:22Z,rules-engine match,,2026-09-02T15:37:22Z
SFL-0951050-02,INT-0951050,SCN-NO-INTEREST-FRAMING,2026-09-02T15:38:22Z,second independent rule match,,2026-09-02T15:38:22Z
SFL-0995724-01,INT-0995724,SCN-RECORDING-GAP-SALE,2026-08-24T20:01:06Z,rules-engine match,,2026-08-24T20:01:06Z
SFL-0995724-02,INT-0995724,SCN-NO-FEE-DISCLOSED,2026-08-24T20:02:06Z,second independent rule match,,2026-08-24T20:02:06Z
SFL-9000101-01,INT-9000101,SCN-CONSENT-NEG-ENROLL,2026-11-12T20:17:00Z,No. I don't need that.,t03,2026-11-12T20:17:00Z
SFL-9000202-01,INT-9000202,SCN-OUTBOUND-SALE,2026-11-06T23:27:21Z,outbound sale,,2026-11-06T23:27:21Z
SFL-9000301-01,INT-9000301,SCN-CONSENT-NEG-ENROLL,2026-11-09T17:10:10Z,hero trigger rule match,,2026-11-09T17:10:10Z
SFL-9000302-01,INT-9000302,SCN-CONSENT-NEG-ENROLL,2026-11-09T17:36:14Z,hero trigger rule match,,2026-11-09T17:36:14Z
SFL-9000401-01,INT-9000401,SCN-CREDIT-ASSURANCE,2026-11-10T18:15:13Z,won't affect your credit score,t02,2026-11-10T18:15:13Z
SFL-9000601-01,INT-9000601,SCN-CONSENT-NEG-ENROLL,2026-10-20T15:35:16Z,hero trigger rule match,,2026-10-20T15:35:16Z
SFL-9000701-01,INT-9000701,SCN-CONSENT-NEG-ENROLL,2026-11-02T16:28:20Z,hero trigger rule match,,2026-11-02T16:28:20Z
SFL-9000801-01,INT-9000801,SCN-CONSENT-NEG-ENROLL,2026-11-09T17:07:42Z,hero trigger rule match,,2026-11-09T17:07:42Z
SFL-9001001-01,INT-9001001,SCN-CONSENT-NEG-ENROLL,2026-10-30T15:06:52Z,hero trigger rule match,,2026-10-30T15:06:52Z
SFL-9001002-01,INT-9001002,SCN-CONSENT-NEG-ENROLL,2026-11-04T16:05:16Z,hero trigger rule match,,2026-11-04T16:05:16Z
SFL-9001101-01,INT-9001101,SCN-CONSENT-NEG-ENROLL,2026-11-04T19:05:24Z,hero trigger rule match,,2026-11-04T19:05:24Z
SFL-9001301-01,INT-9001301,SCN-CONSENT-NEG-ENROLL,2026-10-14T18:05:12Z,hero trigger rule match,,2026-10-14T18:05:12Z
SFL-9001501-01,INT-9001501,SCN-CONSENT-NEG-ENROLL,2026-11-11T16:06:52Z,hero trigger rule match,,2026-11-11T16:06:52Z
SFL-9001510-01,INT-9001510,SCN-POSTCALL-ENROLL,2026-10-14T16:05:11Z,rules-engine match,,2026-10-14T16:05:11Z
SFL-9001510-02,INT-9001510,SCN-OUTBOUND-SALE,2026-10-14T16:06:11Z,second independent rule match,,2026-10-14T16:06:11Z
SFL-9001601-01,INT-9001601,SCN-CONSENT-NEG-ENROLL,2026-11-03T17:05:20Z,hero trigger rule match,,2026-11-03T17:05:20Z
SFL-9001901-01,INT-9001901,SCN-CONSENT-NEG-ENROLL,2026-11-09T21:34:55Z,hero trigger rule match,,2026-11-09T21:34:55Z
SFL-9002001-01,INT-9002001,SCN-CONSENT-NEG-ENROLL,2026-11-06T17:05:27Z,hero trigger rule match,,2026-11-06T17:05:27Z
SFL-9002201-01,INT-9002201,SCN-PREAPPROVED,2026-11-12T16:05:12Z,pre-approved,t01,2026-11-12T16:05:12Z
SFL-9002301-01,INT-9002301,SCN-CONSENT-NEG-ENROLL,2026-11-13T17:11:40Z,hero trigger rule match,,2026-11-13T17:11:40Z
